Manufacturer,Model,Vendor Analyte Name,Vendor Specimen Description,Vendor Result Description,LOINC Code,LOINC long Name,Vendor Analyte Code,Vendor Comment,Vendor Reference ID,Equipment UID,Equipment UID Type,Component,Property,Time,System,Scale,Method,Publication Version ID
1drop Inc.,1copy COVID-19 qPCR Multi Kit*,SARS-CoV-2 Result Interpretation,"anterior nasal swabs (697989009^Anterior nares swab^SCT)
mid-turbinate nasal swabs(871810001^Mid-turbinate nasal swab^SCT)
nasopharyngeal swabs (258500001^Nasopharyngeal swab^SCT)
oropharyngeal swabs (258529004^Throat swab^SCT)
nasopharyngeal wash (258467004^Nasopharyngeal washings^SCT)
nasopharyngeal aspirate (258411007^Nasopharyngeal aspirate^SCT)
nasal aspirate (429931000124105^Nasal aspirate specimen^SCT)","Positive (260373001^Detected^SCT)
Presumptive positive (720735008^Presumptive positive^SCT)
Negative (260415000^Not detected^SCT)
Invalid (455371000124106^Invalid result^SCT or 125154007^Specimen unsatisfactory for evaluation^SCT)",94500-6,SARS coronavirus 2 RNA [Presence] in Respiratory specimen by NAA with probe detection,,,,,,SARS coronavirus 2 RNA,PrThr,Pt,Respiratory,Ord,Probe.amp.tar,20200519
Abbott,Architect i1000SR,CoV-2 IgG,"Serum (119364003^Serum specimen^SCT)
Plasma (119361006^Plasma specimen^SCT)","Positive (260373001^Detected^SCT)
Negative (260415000^Not detected^SCT)",94563-4,SARS coronavirus 2 IgG Ab [Presence] in Serum or Plasma by Immunoassay,385,,6R86,,,SARS coronavirus 2 Ab.IgG,PrThr,Pt,Ser/Plas,Ord,IA,20200519
Abbott,Architect i2000SR,CoV-2 IgG,"Serum (119364003^Serum specimen^SCT)
Plasma (119361006^Plasma specimen^SCT)","Positive (260373001^Detected^SCT)
Negative (260415000^Not detected^SCT)",94563-4,SARS coronavirus 2 IgG Ab [Presence] in Serum or Plasma by Immunoassay,385,,6R86,,,SARS coronavirus 2 Ab.IgG,PrThr,Pt,Ser/Plas,Ord,IA,20200519
Abbott,ID NOW,COVID-19,"nasal swab (445297001^Swab of internal nose^SCT)
nasopharyngeal swab (258500001^Nasopharyngeal swab^SCT)
throat swabs (258529004^Throat swab^SCT)
Nasal and throat swab combination (433801000124107^Nasopharyngeal and oropharyngeal swab^SCT^SCT)","Positive (260373001^Detected^SCT)
Negative (260415000^Not detected^SCT)
Invalid (455371000124106^Invalid result^SCT)",94534-5,SARS coronavirus 2 RdRp gene [Presence] in Respiratory specimen by NAA with probe detection,COVID-19,,,,,SARS coronavirus 2 RdRp gene,PrThr,Pt,Respiratory,Ord,Probe.amp.tar,20200428
Abbott,m2000 RealTime System,SARS-CoV-2,"nasopharyngeal (NP) swabs (258500001^Nasopharyngeal swab^SCT) 
oropharyngeal (OP) swabs (258529004^Throat swab^SCT)","Positive (260373001^Detected^SCT)
Negative (260415000^Not detected^SCT)",94500-6,SARS coronavirus 2 RNA [Presence] in Respiratory specimen by NAA with probe detection,SARS-CoV-2,,9N77,,,SARS coronavirus 2 RNA,PrThr,Pt,Respiratory,Ord,Probe.amp.tar,20200519
Abbott,Alinity i,CoV-2 IgG,"Serum (119364003^Serum specimen^SCT)
Plasma (119361006^Plasma specimen^SCT)","Positive (260373001^Detected^SCT)
Negative (260415000^Not detected^SCT)",94563-4,SARS coronavirus 2 IgG Ab [Presence] in Serum or Plasma by Immunoassay,162,,6R90,,,SARS coronavirus 2 Ab.IgG,PrThr,Pt,Ser/Plas,Ord,IA,20200519
Abbott,Alinity m,SARSCoV2,"nasal swab (445297001^Swab of internal nose^SCT)
nasopharyngeal swab (258500001^Nasopharyngeal swab^SCT)
throat swabs (258529004^Throat swab^SCT)
bronchoalveolar lavage (258607008^Bronchoalveolar lavage fluid sample^SCT)","Positive (260373001^Detected^SCT)
Negative (260415000^Not detected^SCT)",94500-6,SARS coronavirus 2 RNA [Presence] in Respiratory specimen by NAA with probe detection,3019,,9N78,,,SARS coronavirus 2 RNA,PrThr,Pt,Respiratory,Ord,Probe.amp.tar,20200519
AIT Laboratories,LDT: SARS-CoV-2 Assay*,,"Upper respiratory specimens, such as:
Nasal swab (445297001^Swab of internal nose^SCT)
mid-turbinate nasal swab (871810001^Mid-turbinate nasal swab^SCT)
nasopharyngeal swab (258500001^Nasopharyngeal swab^SCT)
oropharyngeal swab (258529004^Throat swab^SCT)
Lower respiratory specimens, such as:
sputum (119334006^Sputum specimen^SCT)
BAL (258607008^Bronchoalveolar lavage fluid sample^SCT)","Positive SARS-CoV-2 (260373001^Detected^SCT)
SARS-CoV-2 Not Detected (260415000^Not detected^SCT)
SARS-CoV-2 Inconclusive (419984006^Inconclusive^SCT)",94500-6,SARS coronavirus 2 RNA [Presence] in Respiratory specimen by NAA with probe detection,,,,,,SARS coronavirus 2 RNA,PrThr,Pt,Respiratory,Ord,Probe.amp.tar,20200512
altona Diagnostics GmbH,RealStar SARS-CoV-2 RT-PCR Kits U.S.*,SARS-CoV-2 Result Interpretation,"anterior nasal swabs (697989009^Anterior nares swab^SCT)
mid-turbinate nasal swabs(871810001^Mid-turbinate nasal swab^SCT)
nasopharyngeal swabs (258500001^Nasopharyngeal swab^SCT)
oropharyngeal swabs (258529004^Throat swab^SCT)
nasal aspirate (429931000124105^Nasal aspirate specimen^SCT)
nasal wash (433871000124101^Nasal washings^SCT)","Positive SARS-CoV-2 (260373001^Detected^SCT)
SARS-CoV-2 presumptive positive (720735008^Presumptive positive^SCT)
SARS-CoV-2 RNA Not Detected (260415000^Not detected^SCT)
Invalid (455371000124106^Invalid result^SCT or 125154007^Specimen unsatisfactory for evaluation^SCT) - Test says to report if invalid 2x",94500-6,SARS coronavirus 2 RNA [Presence] in Respiratory specimen by NAA with probe detection,,,,,,SARS coronavirus 2 RNA,PrThr,Pt,Respiratory,Ord,Probe.amp.tar,20200512
"Altru Diagnostics, Inc.",LDT: Altru Dx SARS-CoV-2 RT-PCR assay*,,"Upper respiratory specimens, such as:
nasal swab (445297001^Swab of internal nose^SCT)
mid-turbinate swab (871810001^Mid-turbinate nasal swab^SCT)
nasopharyngeal swab (258500001^Nasopharyngeal swab^SCT)
oropharyngeal swab (258529004^Throat swab^SCT)","SARS-CoV-2 Detected (260373001^Detected^SCT)
SARS-CoV-2 Not Detected (260415000^Not detected^SCT)
SARS-CoV-2 Inconclusive (419984006^Inconclusive^SCT)
Invalid (455371000124106^Invalid result^SCT or 125154007^Specimen unsatisfactory for evaluation^SCT)",94500-6,SARS coronavirus 2 RNA [Presence] in Respiratory specimen by NAA with probe detection,,,,,,SARS coronavirus 2 RNA,PrThr,Pt,Respiratory,Ord,Probe.amp.tar,20200512
applieddnasciences,Linea COVID-19 assay kit*,SARS-CoV-2,"Nasal swab (445297001^Swab of internal nose^SCT)
mid-turbinate nasal swab (871810001^Mid-turbinate nasal swab^SCT)
nasopharyngeal swab (258500001^Nasopharyngeal swab^SCT)
oropharyngeal swabs (258529004^Throat swab^SCT)
nasopharyngeal wash (258467004^Nasopharyngeal washings^SCT)
nasopharyngeal aspirate (258411007^Nasopharyngeal aspirate^SCT)
nasal aspirate (429931000124105^Nasal aspirate specimen^SCT)","Positive  (260373001^Detected^SCT)
Negative (260415000^Not detected^SCT)",94640-0,SARS coronavirus 2 S gene [Presence] in Respiratory specimen by NAA with probe detection,,,,,,SARS coronavirus 2 S gene,PrThr,Pt,Respiratory,Ord,Probe.amp.tar,20200519
"Atila BioSystems, Inc. ",iAMP COVID-19 Detection Kit*,SARS-CoV-2 Result,"nasal swabs (445297001^Swab of internal nose^SCT)
nasopharyngeal (NP) swabs (258500001^Nasopharyngeal swab^SCT)
oropharyngeal (OP) swabs (258529004^Throat swab^SCT)
Nasopharyngeal swab AND oropharyngeal swab
(433801000124107^Nasopharyngeal and oropharyngeal swab^SCT)","SARS-CoV-2 not detected (260415000^Not Detected^SCT)
SARS-CoV-2 positive (260373001^Detected^SCT)
Invalid; retest specimen (455371000124106^Invalid result^SCT or 125154007^Specimen unsatisfactory for evaluation^SCT
",94500-6,SARS coronavirus 2 RNA [Presence] in Respiratory specimen by NAA with probe detection,,,iAMP-COVID19-100,,,SARS coronavirus 2 RNA,PrThr,Pt,Respiratory,Ord,Probe.amp.tar,20200428
Autobio Diagnostics Co. Ltd.,Anti-SARS-CoV-2 Rapid Test*,SARS-CoV-2 IgM,"Serum (119364003^Serum specimen^SCT)
Plasma (119361006^Plasma specimen^SCT)","Positive (260373001^Detected^SCT)
Negative (260415000^Not detected^SCT)
Invalid (455371000124106^Invalid result^SCT or 125154007^Specimen unsatisfactory for evaluation^SCT)",94508-9,SARS coronavirus 2 IgM Ab [Presence] in Serum or Plasma by Rapid immunoassay,,,,,,SARS coronavirus 2 Ab.IgM,PrThr,Pt,Ser/Plas,Ord,IA.rapid,20200512
Autobio Diagnostics Co. Ltd.,Anti-SARS-CoV-2 Rapid Test*,SARS-CoV-2 IgG,"Serum (119364003^Serum specimen^SCT)
Plasma (119361006^Plasma specimen^SCT)","Positive (260373001^Detected^SCT)
Negative (260415000^Not detected^SCT)
Invalid (455371000124106^Invalid result^SCT or 125154007^Specimen unsatisfactory for evaluation^SCT)",94507-1,SARS coronavirus 2 IgG Ab [Presence] in Serum or Plasma by Rapid immunoassay,,,,,,SARS coronavirus 2 Ab.IgG,PrThr,Pt,Ser/Plas,Ord,IA.rapid,20200512
Avellino Lab,AvellinoCoV2 test*,SARS-CoV-2 Report,"Nasopharyngeal swab (258500001^Nasopharyngeal swab^SCT)
oropharyngeal swab (258529004^Throat swab^SCT)
combined (433801000124107^Nasopharyngeal and oropharyngeal swab^SCT)","SARS-CoV-2 Positive (260373001^Detected^SCT)
SARS-CoV-2 Negative (260415000^Not detected^SCT)
SARS-CoV-2 presumptive positive (720735008^Presumptive positive^SCT)
Invalid (455371000124106^Invalid result^SCT or 125154007^Specimen unsatisfactory for evaluation^SCT)",94533-7,SARS coronavirus 2 N gene [Presence] in Respiratory specimen by NAA with probe detection,,,,,,SARS coronavirus 2 N gene,PrThr,Pt,Respiratory,Ord,Probe.amp.tar,20200512
Avera Institute for Human Genetics,LDT: Avera Institute for Human Genetics SARS-CoV-2 Assay*,SARS-CoV-2 RNA,"Nasal swab (445297001^Swab of internal nose^SCT)
nasopharyngeal swab (258500001^Nasopharyngeal swab^SCT)
oropharyngeal swabs (258529004^Throat swab^SCT)
BAL (258607008^Bronchoalveolar lavage fluid sample^SCT)","Positive  (260373001^Detected^SCT)
Not detected (260415000^Not detected^SCT)
Inconclusive (419984006^Inconclusive^SCT)
Invalid (455371000124106^Invalid result^SCT)",94533-7,SARS coronavirus 2 N gene [Presence] in Respiratory specimen by NAA with probe detection,,,,,,SARS coronavirus 2 N gene,PrThr,Pt,Respiratory,Ord,Probe.amp.tar,20200526
"Becton, Dickinson & Company (BD)",BD MAX System,BioGX SARS-CoV-2 Reagents for BD MAX™ System,"nasopharyngeal swab (258500001^Nasopharyngeal swab^SCT)
oropharyngeal swab (258529004^Throat swab^SCT)","Positive (260373001^Detected^SCT)
Negative (260415000^Not detected^SCT)
UNR (unresolved) (455371000124106^Invalid result^SCT or 125154007^Specimen unsatisfactory for evaluation^SCT)",94533-7,SARS coronavirus 2 N gene [Presence] in Respiratory specimen by NAA with probe detection,,,444213,,,SARS coronavirus 2 N gene,PrThr,Pt,Respiratory,Ord,Probe.amp.tar,20200428
"Becton, Dickinson & Company (BD)",BD MAX System,SARS-CoV-2 Result Interpretation,"nasal swab (445297001^Swab of internal nose^SCT)
nasopharyngeal swab (258500001^Nasopharyngeal swab^SCT)
oropharyngeal swab (258529004^Throat swab^SCT)","Positive (260373001^Detected^SCT)
Negative (260415000^Not detected^SCT)
UNR (unresolved) (455371000124106^Invalid result^SCT or 125154007^Specimen unsatisfactory for evaluation^SCT)",94533-7,SARS coronavirus 2 N gene [Presence] in Respiratory specimen by NAA with probe detection,,,445003,,,SARS coronavirus 2 N gene,PrThr,Pt,Respiratory,Ord,Probe.amp.tar,20200428
"Becton, Dickinson & Company (BD)",BD MAX System,SARS-CoV-2 Result Interpretation,"nasal swab (445297001^Swab of internal nose^SCT)
nasopharyngeal swab (258500001^Nasopharyngeal swab^SCT)
oropharyngeal swab (258529004^Throat swab^SCT)","Positive (260373001^Detected^SCT)
Negative (260415000^Not detected^SCT)
UNR (unresolved) (455371000124106^Invalid result^SCT or 125154007^Specimen unsatisfactory for evaluation^SCT)",94533-7,SARS coronavirus 2 N gene [Presence] in Respiratory specimen by NAA with probe detection,,,,,,SARS coronavirus 2 N gene,PrThr,Pt,Respiratory,Ord,Probe.amp.tar,20200428
BGI Genomics,Real-Time Fluorescent RT-PCR Kit for Detecting SARS-2019-nCoV*,SARS-2019-nCoV Result Interpretation,"throat swabs (258529004^Throat swab^SCT)
or Broncho alveolar Lavage Fluid (BALF) (258607008^Bronchoalveolar lavage fluid sample^SCT)","Positive for SARS-CoV-2 RNA (260373001^Detected^SCT)
Negative for SARS-CoV-2 RNA (260415000^Not detected^SCT)
Invalid Result (455371000124106^Invalid result^SCT or 125154007^Specimen unsatisfactory for evaluation^SCT)",94559-2,SARS coronavirus 2 ORF1ab region [Presence] in Respiratory specimen by NAA with probe detection,,,,,,SARS coronavirus 2 ORF1ab region,PrThr,Pt,Respiratory,Ord,Probe.amp.tar,20200428
Biocerna,LDT: SARS-CoV-2 Test*,,"Nasal swab (445297001^Swab of internal nose^SCT)
nasopharyngeal swab (258500001^Nasopharyngeal swab^SCT)
oropharyngeal swab (258529004^Throat swab^SCT)
mid-turbinate nasal swab (871810001^Mid-turbinate nasal swab^SCT)
bronchoalveolar lavage (258607008^Bronchoalveolar lavage fluid sample^SCT)","Positive SARS-CoV-2 (260373001^Detected^SCT)
SARS-CoV-2 Not Detected (260415000^Not detected^SCT)
SARS-CoV-2 Inconclusive (419984006^Inconclusive^SCT)",94500-6,SARS coronavirus 2 RNA [Presence] in Respiratory specimen by NAA with probe detection,,,,,,SARS coronavirus 2 RNA,PrThr,Pt,Respiratory,Ord,Probe.amp.tar,20200512
"BioCollections Worldwide, Inc.",LDT: SARS-CoV-2 assay*,SARS-CoV-2,"Nasal swab (445297001^Swab of internal nose^SCT)
nasopharyngeal swab (258500001^Nasopharyngeal swab^SCT)
oropharyngeal swabs (258529004^Throat swab^SCT)
nasopharyngeal wash (258467004^Nasopharyngeal washings^SCT)
nasopharyngeal aspirate (258411007^Nasopharyngeal aspirate^SCT)
nasal aspirate (429931000124105^Nasal aspirate specimen^SCT)
BAL (258607008^Bronchoalveolar lavage fluid sample^SCT)","Positive  (260373001^Detected^SCT)
Negative (260415000^Not detected^SCT)
Inconclusive (419984006^Inconclusive^SCT)
Invalid (455371000124106^Invalid result^SCT)",94533-7,SARS coronavirus 2 N gene [Presence] in Respiratory specimen by NAA with probe detection,,,,,,SARS coronavirus 2 N gene,PrThr,Pt,Respiratory,Ord,Probe.amp.tar,20200519
BioCore,BioCore 2019-nCoV Real Time PCR Kit*,2019-nCoV  RNA,"Nasal swab (445297001^Swab of internal nose^SCT)
Mid-turbinate nasal swabs(871810001^Mid-turbinate nasal swab^SCT)
nasopharyngeal swab (258500001^Nasopharyngeal swab^SCT)
oropharyngeal swabs (258529004^Throat swab^SCT)
BAL (258607008^Bronchoalveolar lavage fluid sample^SCT)
sputum (119334006^Sputum specimen^SCT)","2019-nCoV Positive (260373001^Detected^SCT)
2019-nCoV Negative (260415000^Not detected^SCT)",94500-6,SARS coronavirus 2 RNA [Presence] in Respiratory specimen by NAA with probe detection,,,,,,SARS coronavirus 2 RNA,PrThr,Pt,Respiratory,Ord,Probe.amp.tar,20200526
BioFire Defense,BioFire® COVID-19 Test,COVID-19 Test Result Interpretation,Nasopharyngeal Swab (NPS) (258500001^Nasopharyngeal swab^SCT) collected according to standard technique and immediately placed in 1-3 mL of transport media,"Detected (260373001^Detected^SCT)
Equivocal (42425007^Equivocal^SCT)
Not Detected (260415000^Not detected^SCT)
Invalid Result (455371000124106^Invalid result^SCT or 125154007^Specimen unsatisfactory for evaluation^SCT)",94565-9,SARS coronavirus 2 RNA [Presence] in Nasopharynx by NAA with non-probe detection,,,,,,SARS coronavirus 2 RNA,PrThr,Pt,Nph,Ord,Non-probe.amp.tar,20200428
bioMérieux, ARGENE® SARS-COV-2 R-GENE®,"Overall SARS-CoV-2 result
(PCR1)","Respiratory
nasopharyngeal swab (258500001^Nasopharyngeal swab^SCT)
or
oropharyngeal swabs (258529004^Throat swab^SCT)
sputum (119334006^Sputum specimen^SCT)
lower respiratory tract aspirates (309171007^Lower respiratory fluid sample^SCT)
bronchoalveolar lavage (258607008^Bronchoalveolar lavage fluid sample^SCT)
nasopharyngeal wash (258467004^Nasopharyngeal washings^SCT)
nasopharyngeal aspirate (258411007^Nasopharyngeal aspirate^SCT)
nasal aspirate (429931000124105^Nasal aspirate specimen^SCT)","positive (260373001^Detected^SCT)
negative (260415000^Not detected^SCT)
invalid (455371000124106^Invalid result^SCT)",94500-6,SARS coronavirus 2 RNA [Presence] in Respiratory specimen by NAA with probe detection,,,423735,,,SARS coronavirus 2 RNA,PrThr,Pt,Respiratory,Ord,Probe.amp.tar,20200519
bioMérieux, ARGENE® SARS-COV-2 R-GENE®,"SARS-CoV-2 N gene result
(PCR1)","Respiratory
nasopharyngeal swab (258500001^Nasopharyngeal swab^SCT)
or
oropharyngeal swabs (258529004^Throat swab^SCT)
sputum (119334006^Sputum specimen^SCT)
lower respiratory tract aspirates (309171007^Lower respiratory fluid sample^SCT)
bronchoalveolar lavage (258607008^Bronchoalveolar lavage fluid sample^SCT)
nasopharyngeal wash (258467004^Nasopharyngeal washings^SCT)
nasopharyngeal aspirate (258411007^Nasopharyngeal aspirate^SCT)
nasal aspirate (429931000124105^Nasal aspirate specimen^SCT)","Detected (260373001^Detected^SCT)
Not Detected (260415000^Not detected^SCT)
",94533-7,SARS coronavirus 2 N gene [Presence] in Respiratory specimen by NAA with probe detection,,,423735,,,SARS coronavirus 2 N gene,PrThr,Pt,Respiratory,Ord,Probe.amp.tar,20200519
bioMérieux, ARGENE® SARS-COV-2 R-GENE®,"SARS-CoV-2 RdRp gene result
(PCR1)","Respiratory
nasopharyngeal swab (258500001^Nasopharyngeal swab^SCT)
or
oropharyngeal swabs (258529004^Throat swab^SCT)
sputum (119334006^Sputum specimen^SCT)
lower respiratory tract aspirates (309171007^Lower respiratory fluid sample^SCT)
bronchoalveolar lavage (258607008^Bronchoalveolar lavage fluid sample^SCT)
nasopharyngeal wash (258467004^Nasopharyngeal washings^SCT)
nasopharyngeal aspirate (258411007^Nasopharyngeal aspirate^SCT)
nasal aspirate (429931000124105^Nasal aspirate specimen^SCT)","Detected (260373001^Detected^SCT)
Not Detected (260415000^Not detected^SCT)
",94534-5,SARS coronavirus 2 RdRp gene [Presence] in Respiratory specimen by NAA with probe detection,,,423735,,,SARS coronavirus 2 RdRp gene,PrThr,Pt,Respiratory,Ord,Probe.amp.tar,20200519
bioMérieux, ARGENE® SARS-COV-2 R-GENE®,"SARS-related CoV result
(PCR-2)","Respiratory
nasopharyngeal swab (258500001^Nasopharyngeal swab^SCT)
or
oropharyngeal swabs (258529004^Throat swab^SCT)
sputum (119334006^Sputum specimen^SCT)
lower respiratory tract aspirates (309171007^Lower respiratory fluid sample^SCT)
bronchoalveolar lavage (258607008^Bronchoalveolar lavage fluid sample^SCT)
nasopharyngeal wash (258467004^Nasopharyngeal washings^SCT)
nasopharyngeal aspirate (258411007^Nasopharyngeal aspirate^SCT)
nasal aspirate (429931000124105^Nasal aspirate specimen^SCT)","Positive (260373001^Detected^SCT)
negative (260415000^Not detected^SCT)
invalid (455371000124106^Invalid result^SCT)",94502-2,SARS-related coronavirus RNA [Presence] in Respiratory specimen by NAA with probe detection,,If the Overall SARS-CoV-2 result of PCR1 (LOINC = 94500-6) is equivocal or negative then perform this PCR2 (SARS-COV-2/SARS/SARS like) to confirm / exclude another SARS/SARS-related virus.,423735,,,SARS-related coronavirus RNA,PrThr,Pt,Respiratory,Ord,Probe.amp.tar,20200519
Bio-Rad Laboratories,SARS-CoV-2 ddPCR Test*,SARS-CoV-2 Result Interpretation,"anterior nasal swabs (697989009^Anterior nares swab^SCT)
mid-turbinate nasal swabs(871810001^Mid-turbinate nasal swab^SCT)
nasopharyngeal swabs (258500001^Nasopharyngeal swab^SCT)
nasopharyngeal wash (258467004^Nasopharyngeal washings^SCT)
nasopharyngeal aspirate (258411007^Nasopharyngeal aspirate^SCT)
nasal aspirate (429931000124105^Nasal aspirate specimen^SCT)","Detected (260373001^Detected^SCT)
Not Detected (260415000^Not detected^SCT)
Invalid Result (455371000124106^Invalid result^SCT or 125154007^Specimen unsatisfactory for evaluation^SCT)",94500-6,SARS coronavirus 2 RNA [Presence] in Respiratory specimen by NAA with probe detection,,,,,,SARS coronavirus 2 RNA,PrThr,Pt,Respiratory,Ord,Probe.amp.tar,20200512
Bio-Rad Laboratories,Platelia SARS-CoV-2 Total Ab assay*,SARS-CoV-2 total antibodies (IgM/IgA/IgG),"Serum (119364003^Serum specimen^SCT)
Plasma (119361006^Plasma specimen^SCT)","Positive (260373001^Detected^SCT)
Negative (260415000^Not detected^SCT)
Equivocal (42425007^Equivocal^SCT or 419984006^Inconclusive^SCT)",94762-2,SARS coronavirus 2 Ab [Presence] in Serum or Plasma by Immunoassay,,,,,,SARS coronavirus 2 Ab,PrThr,Pt,Ser/Plas,Ord,IA,20200512
CDC,ABI 7500 Fast Dx Real-Time PCR Instrument,2019nCoV Result Interpretation," In upper and lower
respiratory specimens (such as
nasopharyngeal swab (258500001^Nasopharyngeal swab^SCT)
or
oropharyngeal swabs (258529004^Throat swab^SCT)
sputum (119334006^Sputum specimen^SCT)
lower respiratory tract aspirates (309171007^Lower respiratory fluid sample^SCT)
bronchoalveolar lavage (258607008^Bronchoalveolar lavage fluid sample^SCT)
nasopharyngeal wash (258467004^Nasopharyngeal washings^SCT)
nasopharyngeal aspirate (258411007^Nasopharyngeal aspirate^SCT)
nasal aspirate (429931000124105^Nasal aspirate specimen^SCT))

APHL Note: 
later also allowed: nasal and pharyngeal swab combination (433801000124107^Nasopharyngeal and oropharyngeal swab^SCT)
NOT IN EUA, but per communications with APHL: on exception allow serum (119364003^Serum specimen^SCT), stool (119339001^Stool specimen^SCT), urine (122575003^Urine specimen^SCT)","Detected (260373001^Detected^SCT)
Not Detected (260415000^Not detected^SCT)
Presumptive Positive (720735008^Presumptive positive^SCT)
Invalid Result (455371000124106^Invalid result^SCT or 125154007^Specimen unsatisfactory for evaluation^SCT)",94309-2,SARS Coronavirus 2 RNA [Presence] in Unspecified specimen Qualitative by NAA with probe detection,,,,,,SARS Coronavirus 2 RNA,PrThr,PT,XXX,Ord,Probe.amp.tar,20200428
CDC,ABI 7500 Fast Dx Real-Time PCR Instrument,2019nCoV_N1," In upper and lower
respiratory specimens (such as
nasopharyngeal swab (258500001^Nasopharyngeal swab^SCT)
or
oropharyngeal swabs (258529004^Throat swab^SCT)
sputum (119334006^Sputum specimen^SCT)
lower respiratory tract aspirates (309171007^Lower respiratory fluid sample^SCT)
bronchoalveolar lavage (258607008^Bronchoalveolar lavage fluid sample^SCT)
nasopharyngeal wash (258467004^Nasopharyngeal washings^SCT)
nasopharyngeal aspirate (258411007^Nasopharyngeal aspirate^SCT)
nasal aspirate (429931000124105^Nasal aspirate specimen^SCT))

APHL Note: 
later also allowed: nasal and pharyngeal swab combination (433801000124107^Nasopharyngeal and oropharyngeal swab^SCT)
NOT IN EUA, but per communications with APHL: on exception allow serum (119364003^Serum specimen^SCT), stool (119339001^Stool specimen^SCT), urine (122575003^Urine specimen^SCT)","+ (260373001^Detected^SCT)
- (260415000^Not Detected^SCT)",94307-6,SARS Coronavirus 2 N gene [Presence] in Unspecified specimen by Nucleic acid amplification using primer-probe set N1,,,,,,SARS Coronavirus 2 N gene,PrThr,PT,XXX,Ord,Probe.amp.tar.primer-probe set N1,20200428
CDC,ABI 7500 Fast Dx Real-Time PCR Instrument,2019nCoV_N2," In upper and lower
respiratory specimens (such as
nasopharyngeal swab (258500001^Nasopharyngeal swab^SCT)
or
oropharyngeal swabs (258529004^Throat swab^SCT)
sputum (119334006^Sputum specimen^SCT)
lower respiratory tract aspirates (309171007^Lower respiratory fluid sample^SCT)
bronchoalveolar lavage (258607008^Bronchoalveolar lavage fluid sample^SCT)
nasopharyngeal wash (258467004^Nasopharyngeal washings^SCT)
nasopharyngeal aspirate (258411007^Nasopharyngeal aspirate^SCT)
nasal aspirate (429931000124105^Nasal aspirate specimen^SCT))

APHL Note: 
later also allowed: nasal and pharyngeal swab combination (433801000124107^Nasopharyngeal and oropharyngeal swab^SCT)
NOT IN EUA, but per communications with APHL: on exception allow serum (119364003^Serum specimen^SCT), stool (119339001^Stool specimen^SCT), urine (122575003^Urine specimen^SCT)","+ (260373001^Detected^SCT)
- (260415000^Not Detected^SCT)",94308-4,SARS Coronavirus 2 N gene [Presence] in Unspecified specimen by Nucleic acid amplification using primer-probe set N2,,,,,,SARS Coronavirus 2 N gene,PrThr,PT,XXX,Ord,Probe.amp.tar.primer-probe set N2,20200428
CDC,ABI 7500 Fast Dx Real-Time PCR Instrument,RP," In upper and lower
respiratory specimens (such as
nasopharyngeal swab (258500001^Nasopharyngeal swab^SCT)
or
oropharyngeal swabs (258529004^Throat swab^SCT)
sputum (119334006^Sputum specimen^SCT)
lower respiratory tract aspirates (309171007^Lower respiratory fluid sample^SCT)
bronchoalveolar lavage (258607008^Bronchoalveolar lavage fluid sample^SCT)
nasopharyngeal wash (258467004^Nasopharyngeal washings^SCT)
nasopharyngeal aspirate (258411007^Nasopharyngeal aspirate^SCT)
nasal aspirate (429931000124105^Nasal aspirate specimen^SCT))

APHL Note: 
later also allowed: nasal and pharyngeal swab combination (433801000124107^Nasopharyngeal and oropharyngeal swab^SCT)
NOT IN EUA, but per communications with APHL: on exception allow serum (119364003^Serum specimen^SCT), stool (119339001^Stool specimen^SCT), urine (122575003^Urine specimen^SCT)","+ (260373001^Detected^SCT)
- (260415000^Not Detected^SCT)",68993-5,Human RNase P RNA [Presence] in Unspecified specimen by NAA with probe detection,,,,,,Human RNase P RNA,PrThr,PT,XXX,Ord,Probe.amp.tar,20200428
Cedars-Sinai Medical Center,LDT: SARS-CoV-2 Assay*,SARS-CoV-2 RNA,Nasopharyngeal swab (258500001^Nasopharyngeal swab^SCT),"Detected  (260373001^Detected^SCT)
Not detected (260415000^Not detected^SCT)
Invalid (455371000124106^Invalid result^SCT)",94559-2,SARS coronavirus 2 ORF1ab region [Presence] in Respiratory specimen by NAA with probe detection,,,,,,SARS coronavirus 2 ORF1ab region,PrThr,Pt,Respiratory,Ord,Probe.amp.tar,20200519
Cellex,qSARS-CoV-2 IgG/IgM Rapid Test*,IgG anti- SARS-CoV-2,"Serum (119364003^Serum specimen^SCT)
Plasma (119361006^Plasma specimen^SCT)
Whole Blood (258580003^Whole blood sample^SCT)","positive (10828004^Positive^SCT)
weakly positive (260408008^Weakly positive^SCT)
negative (260385009^Negative^SCT)
invalid (455371000124106^Invalid result^SCT or 125154007^Specimen unsatisfactory for evaluation^SCT)",94507-1,SARS coronavirus 2 IgG Ab [Presence] in Serum or Plasma by Rapid immunoassay,,,,,,SARS coronavirus 2 Ab.IgG,PrThr,Pt,Ser/Plas,Ord,IA.rapid,20200428
Cellex,qSARS-CoV-2 IgG/IgM Rapid Test*,IgM anti-SARS-CoV-2,"Serum (119364003^Serum specimen^SCT)
Plasma (119361006^Plasma specimen^SCT)
Whole Blood (258580003^Whole blood sample^SCT)","positive (10828004^Positive^SCT)
weakly positive (260408008^Weakly positive^SCT)
negative (260385009^Negative^SCT)
invalid (455371000124106^Invalid result^SCT or 125154007^Specimen unsatisfactory for evaluation^SCT)",94508-9,SARS coronavirus 2 IgM Ab [Presence] in Serum or Plasma by Rapid immunoassay,,,,,,SARS coronavirus 2 Ab.IgM,PrThr,Pt,Ser/Plas,Ord,IA.rapid,20200428
Cepheid,Xpert Xpress SARS-CoV-2,SARS-CoV-2 Result Text,"nasopharyngeal (NP) swab (258500001^Nasopharyngeal swab^SCT)
nasal wash/aspirate (429931000124105^Nasal aspirate specimen^SCT)","SARS-CoV-2 positive (260373001^Detected^SCT)
SARS-CoV-2 negative (260415000^Not detected^SCT)
SARS-CoV-2 presumptive positive (720735008^Presumptive positive^SCT)
Invalid (455371000124106^Invalid result^SCT or 125154007^Specimen unsatisfactory for evaluation^SCT)",94500-6,SARS coronavirus 2 RNA [Presence] in Respiratory specimen by NAA with probe detection,,,,,,SARS coronavirus 2 RNA,PrThr,Pt,Respiratory,Ord,Probe.amp.tar,20200428
Cepheid (POC),Xpert Xpress SARS-CoV-2,Xpert® Xpress SARS-CoV-2,nasopharyngeal (NP) swab (258500001^Nasopharyngeal swab^SCT),"Positive (260373001^Detected^SCT)
Negative (260415000^Not detected^SCT)",94500-6,SARS coronavirus 2 RNA [Presence] in Respiratory specimen by NAA with probe detection,,,,,,SARS coronavirus 2 RNA,PrThr,Pt,Respiratory,Ord,Probe.amp.tar,20200428
CirrusDx Laboratories,LDT: CirrusDx SARS-CoV-2 Assay*,,"nasopharyngeal swabs (258500001^Nasopharyngeal swab^SCT)
nasal swabs (445297001^Swab of internal nose^SCT)
oropharyngeal swabs (258529004^Throat swab^SCT)
BAL (258607008^Bronchoalveolar lavage fluid sample^SCT)","SARS-CoV-2 Detected (260373001^Detected^SCT)
SARS-CoV-2 Not detected (260415000^Not detected^SCT)
SARS-CoV-2 presumptive positive (720735008^Presumptive positive^SCT)
Invalid (455371000124106^Invalid result^SCT or 125154007^Specimen unsatisfactory for evaluation^SCT)",94500-6,SARS coronavirus 2 RNA [Presence] in Respiratory specimen by NAA with probe detection,,,,,,SARS coronavirus 2 RNA,PrThr,Pt,Respiratory,Ord,Probe.amp.tar,20200519
"Co-Diagnostics, Inc.",Logix Smart Coronavirus Disease 2019 (COVID-19) Kit*,SARS-CoV-2 RdRp gene Results interpretation,"Lower respiratory tract fluids:
Bronchoalveolar lavage (258607008^Bronchoalveolar lavage fluid sample^SCT)
tracheal aspirate (445447003^Specimen from trachea obtained by aspiration^SCT)
Sputum (119334006^Sputum specimen^SCT)
Upper respiratory tract fluids:
Nasopharyngeal swab AND oropharyngeal swab (NP/OP swab) (433801000124107^Nasopharyngeal and oropharyngeal swab^SCT)
Oropharyngeal swab (e.g., throat swab)(258529004^Throat swab^SCT)
Nasopharyngeal wash (258467004^Nasopharyngeal washings^SCT)
Nasopharyngeal aspirate (258411007^Nasopharyngeal aspirate^SCT)
nasal aspirate (429931000124105^Nasal aspirate specimen^SCT)","SARS-CoV-2 RNA positive (260373001^Detected^SCT)
SARS-CoV-2 RNA negative (260415000^Not detected^SCT)
Invalid (455371000124106^Invalid result^SCT or 125154007^Specimen unsatisfactory for evaluation^SCT)",94534-5,SARS coronavirus 2 RdRp gene [Presence] in Respiratory specimen by NAA with probe detection,,,,,,SARS coronavirus 2 RdRp gene,PrThr,Pt,Respiratory,Ord,Probe.amp.tar,20200428
Color Genomics,LDT: Color SARS CoV-2 Diagnostic Assay*,SARS-CoV-2 RNA,"Nasal swab (445297001^Swab of internal nose^SCT)
Mid-turbinate nasal swabs(871810001^Mid-turbinate nasal swab^SCT)
nasopharyngeal swab (258500001^Nasopharyngeal swab^SCT)
oropharyngeal swabs (258529004^Throat swab^SCT)
nasopharyngeal wash (258467004^Nasopharyngeal washings^SCT)
nasopharyngeal aspirate (258411007^Nasopharyngeal aspirate^SCT)
nasal aspirate (429931000124105^Nasal aspirate specimen^SCT)
BAL (258607008^Bronchoalveolar lavage fluid sample^SCT)","SARS-CoV-2 DETECTED (260373001^Detected^SCT)
SARS-CoV-2  NOT DETECTED (260415000^Not detected^SCT)
Inconclusive (419984006^Inconclusive^SCT)
Failed (455371000124106^Invalid result^SCT)",94500-6,SARS coronavirus 2 RNA [Presence] in Respiratory specimen by NAA with probe detection,,,,,,SARS coronavirus 2 RNA,PrThr,Pt,Respiratory,Ord,Probe.amp.tar,20200526
Columbia University Laboratory of Personalized Genomic Medicine,LDT: Triplex CII-SARS-CoV-2 rRT-PCR test*,SARS-CoV-2,"Nasal swab (445297001^Swab of internal nose^SCT)
mid-turbinate nasal swab (871810001^Mid-turbinate nasal swab^SCT)
nasopharyngeal swab (258500001^Nasopharyngeal swab^SCT)
oropharyngeal swab (258529004^Throat swab^SCT)","Positive (260373001^Detected^SCT)
Presumptive positive (720735008^Presumptive positive^SCT)
Negative (260415000^Not detected^SCT)
Equivocal (42425007^Equivocal^SCT)
Invalid (455371000124106^Invalid result^SCT)",94533-7,SARS coronavirus 2 N gene [Presence] in Respiratory specimen by NAA with probe detection,,,,,,SARS coronavirus 2 N gene,PrThr,Pt,Respiratory,Ord,Probe.amp.tar,20200519
dba SpectronRx,Hymon SARS-CoV-2 Test Kit*,SARS-CoV-2 nucleic acids,"Nasal swab (445297001^Swab of internal nose^SCT)
Mid-turbinate nasal swabs(871810001^Mid-turbinate nasal swab^SCT)
nasopharyngeal swab (258500001^Nasopharyngeal swab^SCT)
oropharyngeal swabs (258529004^Throat swab^SCT)
BAL (258607008^Bronchoalveolar lavage fluid sample^SCT)","SARS-CoV-2 positive (260373001^Detected^SCT)
SARS-CoV-2 negative (260415000^Not detected^SCT)
Invalid (455371000124106^Invalid result^SCT or 125154007^Specimen unsatisfactory for evaluation^SCT)",94500-6,SARS coronavirus 2 RNA [Presence] in Respiratory specimen by NAA with probe detection,,,,,,SARS coronavirus 2 RNA,PrThr,Pt,Respiratory,Ord,Probe.amp.tar,20200602
"DiaCarta, Inc ",QuantiVirus SARS-CoV-2 Test kit*,SARS-CoV-2 Result,"sputum (119334006^Sputum specimen^SCT)
and upper respiratory specimens:
Nasopharyngeal swab AND oropharyngeal swab
(433801000124107^Nasopharyngeal and oropharyngeal swab^SCT)
Oropharyngeal swab (258529004^Throat swab^SCT)
nasopharyngeal swab (258500001^Nasopharyngeal swab^SCT)
anterior nasal swab (697989009^Anterior nares swab^SCT)
midturbinate nasal swab (871810001^Mid-turbinate nasal swab^SCT)
Nasopharyngeal wash (258467004^Nasopharyngeal washings^SCT)
Nasopharyngeal aspirate (258411007^Nasopharyngeal aspirate^SCT)
nasal aspirate (429931000124105^Nasal aspirate specimen^SCT)
","SARS-CoV-2 Not Detected (260415000^Not Detected^SCT)
SARS-CoV-2 Detected (260373001^Detected^SCT)
SARS-CoV-2 Presumptive Positive; retest specimen (720735008^Presumptive positive^SCT)
Invalid; retest specimen 455371000124106^Invalid result^SCT or 125154007^Specimen unsatisfactory for evaluation^SCT
",94500-6,SARS coronavirus 2 RNA [Presence] in Respiratory specimen by NAA with probe detection,,,,,,SARS coronavirus 2 RNA,PrThr,Pt,Respiratory,Ord,Probe.amp.tar,20200428
Diagnostic Molecular Laboratory - Northwestern Medicine,LDT: SARS-Cov-2 Assay*,,"nasopharyngeal swabs (258500001^Nasopharyngeal swab^SCT)
nasal swabs (445297001^Swab of internal nose^SCT)
mid-turbinate nasal swab (871810001^Mid-turbinate nasal swab^SCT)
BAL (258607008^Bronchoalveolar lavage fluid sample^SCT)
oropharyngeal swabs (258529004^Throat swab^SCT)

","Positive  2019-NCoV  (260373001^Detected^SCT)
Negative (260415000^Not detected^SCT)
Invalid (455371000124106^Invalid result^SCT or 125154007^Specimen unsatisfactory for evaluation^SCT)
indeterminate (82334004^Indeterminate)",94756-4 ,SARS coronavirus 2 N gene [Presence] in Respiratory specimen by Nucleic acid amplification using CDC primer-probe set N1,,,,,,SARS coronavirus 2 N gene ,PrThr ,Pt ,Respiratory ,Ord ,Probe.amp.tar.CDC primer-probe set N1,20200519
DiaSorin,DiaSorin Molecular Simplexa™ COVID-19 Direct,overall SARS-CoV-2 result,nasopharyngeal swabs (NPS) (258500001^Nasopharyngeal swab^SCT),"Result indicates the presence of SARS-CoV-2 RNA in the patient sample (260373001^Detected^SCT)
Result indicates the absence of SARS-CoV-2 RNA in the patient sample (260415000^Not detected^SCT)
Result indicates inability to conclusively determine presence or absence of SARS-CoV- 2 RNA in the patient sample. This result may be due to 1) Internal Control (IC) failure, or 2) failure to detect sufficient specimen volume (455371000124106^Invalid result^SCT or 125154007^Specimen unsatisfactory for evaluation^SCT)",94500-6,SARS coronavirus 2 RNA [Presence] in Respiratory specimen by NAA with probe detection,,,,,,SARS coronavirus 2 RNA,PrThr,Pt,Respiratory,Ord,Probe.amp.tar,20200428
DiaSorin,LIAISON SARS-CoV-2 S1/S2 IgG*,S1/S2 SARS-CoV-2 IgG,"Serum (119364003^Serum specimen^SCT)
Plasma (119361006^Plasma specimen^SCT)","Positive (260373001^Detected^SCT)
Negative (260415000^Not detected^SCT)",94563-4,SARS coronavirus 2 IgG Ab [Presence] in Serum or Plasma by Immunoassay,,,,,,SARS coronavirus 2 Ab.IgG,PrThr,Pt,Ser/Plas,Ord,IA,20200512
EuroImmun,Anti-SARS-CoV-2 ELISA (IgA),Anti-SARS-CoV-2 ELISA (IgA) qualitative,"serum (119364003^Serum specimen^SCT)
plasma (119361006^Plasma specimen^SCT)","not elevated (260415000^Not detected^SCT)
indeterminate (82334004^Indeterminate)
elevated (260373001^detected^SCT)",94562-6,SARS coronavirus 2 IgA Ab [Presence] in Serum or Plasma by Immunoassay,,,,,,SARS coronavirus 2 Ab.IgA,PrThr,Pt,Ser/Plas,Ord,IA,20200428
EuroImmun,Anti-SARS-CoV-2 ELISA (IgG),Anti-SARS-CoV-2 ELISA (IgG) qualitative,"serum (119364003^Serum specimen^SCT)
plasma (119361006^Plasma specimen^SCT)","Negative (260415000^Not detected^SCT)
Borderline (42425007^equivocal^SCT)
Positive (260373001^Detected^SCT)",94563-4,SARS coronavirus 2 IgG Ab [Presence] in Serum or Plasma by Immunoassay,,"Given acceptable precision, if repeating any measure, some results will fall above and some below. “Equivocal” would be preferred result choice if “borderline” cannot be used.",,,,SARS coronavirus 2 Ab.IgG,PrThr,Pt,Ser/Plas,Ord,IA,20200519
Exact Sciences Laboratories,LDT: SARS-CoV-2 Test*,,"Nasal swab (445297001^Swab of internal nose^SCT)
nasopharyngeal swab (258500001^Nasopharyngeal swab^SCT)
oropharyngeal swab (258529004^Throat swab^SCT)


","Positive  (260373001^Detected^SCT)
Negative (260415000^Not detected^SCT)
Inconclusive (419984006^Inconclusive^SCT)
Invalid (455371000124106^Invalid result^SCT or 125154007^Specimen unsatisfactory for evaluation^SCT)",94500-6,SARS coronavirus 2 RNA [Presence] in Respiratory specimen by NAA with probe detection,,,,,,SARS coronavirus 2 RNA,PrThr,Pt,Respiratory,Ord,Probe.amp.tar,20200519
Exact Sciences Laboratories,LDT: Exact Sciences SARS-CoV-2 (N gene detection) Test*,SARS-CoV-2 RNA,"Nasal swab (445297001^Swab of internal nose^SCT)
Mid-turbinate nasal swabs(871810001^Mid-turbinate nasal swab^SCT)
nasopharyngeal swab (258500001^Nasopharyngeal swab^SCT)
oropharyngeal swabs (258529004^Throat swab^SCT)","SARS-CoV-2  (COVID-19) RNA detected (260373001^Detected^SCT)
SARS-CoV-2 (COVID-19) RNA NOT detected (260415000^Not detected^SCT)
Inconclusive (419984006^Inconclusive^SCT)
Invalid (455371000124106^Invalid result^SCT)",94533-7,SARS coronavirus 2 N gene [Presence] in Respiratory specimen by NAA with probe detection,,,,,,SARS coronavirus 2 N gene,PrThr,Pt,Respiratory,Ord,Probe.amp.tar,20200526
Express Gene LLC (dba Molecular Diagnostics Laboratory),LDT: Express Gene 2019-nCoV RT-PCR Diagnostic Panel*,SARS-CoV-2 RNA,"Nasal swab (445297001^Swab of internal nose^SCT)
Mid-turbinate nasal swabs(871810001^Mid-turbinate nasal swab^SCT)
nasopharyngeal swab (258500001^Nasopharyngeal swab^SCT)
oropharyngeal swabs (258529004^Throat swab^SCT)
nasopharyngeal wash (258467004^Nasopharyngeal washings^SCT)
nasopharyngeal aspirate (258411007^Nasopharyngeal aspirate^SCT)
nasal aspirate (429931000124105^Nasal aspirate specimen^SCT)
BAL (258607008^Bronchoalveolar lavage fluid sample^SCT)","SARS-CoV-2 detected (260373001^Detected^SCT)
SARS-CoV-2  not detected (260415000^Not detected^SCT)",94500-6,SARS coronavirus 2 RNA [Presence] in Respiratory specimen by NAA with probe detection,,,,,,SARS coronavirus 2 RNA,PrThr,Pt,Respiratory,Ord,Probe.amp.tar,20200526
Fast Track Diagnostics,FTD SARS-CoV-2*,SARS-CoV-2 Interpretation,"Upper respiratory specimens, such as:
nasopharyngeal swab (258500001^Nasopharyngeal swab^SCT)
oropharyngeal swabs (258529004^Throat swab^SCT)
nasopharyngeal wash (258467004^Nasopharyngeal washings^SCT)
nasopharyngeal aspirate (258411007^Nasopharyngeal aspirate^SCT)
nasal aspirate (429931000124105^Nasal aspirate specimen^SCT)
Lower respiratory:
bronchoalveolar lavage (258607008^Bronchoalveolar lavage fluid sample^SCT)","SARS-CoV-2 detected (260373001^Detected^SCT)
SARS-CoV-2 not detected (260415000^Not detected^SCT)
Invalid (455371000124106^Invalid result^SCT or 125154007^Specimen unsatisfactory for evaluation^SCT)",94500-6,SARS coronavirus 2 RNA [Presence] in Respiratory specimen by NAA with probe detection,,,,,,SARS coronavirus 2 RNA,PrThr,Pt,Respiratory,Ord,Probe.amp.tar,20200512
Fosun Pharma USA Inc.,Fosun COVID-19 RT-PCR Detection Kit,SARS-CoV-2 nucleic acid,"Nasal swab (445297001^Swab of internal nose^SCT)
Mid-turbinate nasal swabs(871810001^Mid-turbinate nasal swab^SCT)
nasopharyngeal swab (258500001^Nasopharyngeal swab^SCT)
oropharyngeal swabs (258529004^Throat swab^SCT)
nasopharyngeal wash (258467004^Nasopharyngeal washings^SCT)
nasopharyngeal aspirate (258411007^Nasopharyngeal aspirate^SCT)
nasal aspirate (429931000124105^Nasal aspirate specimen^SCT)
BAL (258607008^Bronchoalveolar lavage fluid sample^SCT)
sputum (119334006^Sputum specimen^SCT)
lower respiratory tract aspirates (309171007^Lower respiratory fluid sample^SCT)","2019-nCoV (+) (260373001^Detected^SCT)
2019-nCoV (-) (260415000^Not detected^SCT)
Inconclusive (419984006^Inconclusive^SCT)
Invalid (455371000124106^Invalid result^SCT)",94500-6,SARS coronavirus 2 RNA [Presence] in Respiratory specimen by NAA with probe detection,,,,,,SARS coronavirus 2 RNA,PrThr,Pt,Respiratory,Ord,Probe.amp.tar,20200602
"Fulgent Therapeutics, LLC",COVID-19 by RT-PCR test*,COVID-19,"Nasal swab (445297001^Swab of internal nose^SCT)
nasopharyngeal swab (258500001^Nasopharyngeal swab^SCT)
oropharyngeal swab (258529004^Throat swab^SCT)","COVID-19 Positive (260373001^Detected^SCT)
COVID-19 Negative (260415000^Not detected^SCT)
Inconclusive (419984006^Inconclusive^SCT)
Invalid (455371000124106^Invalid result^SCT)",94533-7,SARS coronavirus 2 N gene [Presence] in Respiratory specimen by NAA with probe detection,,,,,,SARS coronavirus 2 N gene,PrThr,Pt,Respiratory,Ord,Probe.amp.tar,20200519
Genematrix,NeoPlex COVID-19 Detection Kit*,,"Nasal swab (445297001^Swab of internal nose^SCT)
mid-turbinate nasal swab (871810001^Mid-turbinate nasal swab^SCT)
nasopharyngeal swab (258500001^Nasopharyngeal swab^SCT)
oropharyngeal swab (258529004^Throat swab^SCT)
BAL (258607008^Bronchoalveolar lavage fluid sample^SCT)
sputum (119334006^Sputum specimen^SCT)
tracheal aspirates (445447003^Specimen from trachea obtained by aspiration^SCT)","Positive  (260373001^Detected^SCT)
Negative (260415000^Not detected^SCT)
Invalid (455371000124106^Invalid result^SCT)",94500-6,SARS coronavirus 2 RNA [Presence] in Respiratory specimen by NAA with probe detection,,,,,,SARS coronavirus 2 RNA,PrThr,Pt,Respiratory,Ord,Probe.amp.tar,20200519
GenMark,ePlex SARS-CoV-2 Test,SARS-CoV-2 N gene result,Nasopharyngeal Swab (258500001^Nasopharyngeal swab^SCT),"Target Detected (260373001^Detected^SCT)
Target Not Detected (260415000^Not detected^SCT)
Invalid (455371000124106^Invalid result^SCT or 125154007^Specimen unsatisfactory for evaluation^SCT)",94760-6,SARS coronavirus 2 N gene [Presence] in Nasopharynx by NAA with probe detection,,,,,,SARS coronavirus 2 N gene,PrThr,Pt,Nph,Ord,Probe.amp.tar,20200505
"GenoSensor, LLC",GS™ COVID-19 RT-PCR KIT,SARS-CoV-2 nucleic acid,"Nasal swab (445297001^Swab of internal nose^SCT)
Mid-turbinate nasal swabs(871810001^Mid-turbinate nasal swab^SCT)
nasopharyngeal swab (258500001^Nasopharyngeal swab^SCT)
oropharyngeal swabs (258529004^Throat swab^SCT)","SARS-CoV-2 Detected (260373001^Detected^SCT)
SARS-CoV-2 Not detected (260415000^Not detected^SCT)
Inconclusive (419984006^Inconclusive^SCT)
Invalid (455371000124106^Invalid result^SCT)",94500-6,SARS coronavirus 2 RNA [Presence] in Respiratory specimen by NAA with probe detection,,,,,,SARS coronavirus 2 RNA,PrThr,Pt,Respiratory,Ord,Probe.amp.tar,20200602
Gnomegen LLC ,Gnomegen COVID-19 RT-Digital PCR Detection Kit*,COVID-19 Result Interpretation,"Nasal swab (445297001^Swab of internal nose^SCT)
nasopharyngeal swab (258500001^Nasopharyngeal swab^SCT)
oropharyngeal swab (258529004^Throat swab^SCT)","SARS-CoV-2 detected (260373001^Detected^SCT)
SARS-CoV-2 not detected (260415000^Not detected^SCT)
inconclusive (455371000124106^Invalid result^SCT or 125154007^Specimen unsatisfactory for evaluation^SCT)",94533-7,SARS coronavirus 2 N gene [Presence] in Respiratory specimen by NAA with probe detection,,,,,,SARS coronavirus 2 N gene,PrThr,Pt,Respiratory,Ord,Probe.amp.tar,20200512
Gnomegen LLC ,Gnomegen COVID-19-RT-qPCR Detection Kit*,SARS-CoV-2 Result Interpretation,"nasopharyngeal swabs (258500001^Nasopharyngeal swab^SCT)
oropharyngeal swabs (258529004^Throat swab^SCT)","Positive (260373001^Detected^SCT)
Negative (260415000^Not detected^SCT)
Inconclusive (419984006^Inconclusive^SCT)
Invalid Result (455371000124106^Invalid result^SCT or 125154007^Specimen unsatisfactory for evaluation^SCT)",94533-7,SARS coronavirus 2 N gene [Presence] in Respiratory specimen by NAA with probe detection,,,,,,SARS coronavirus 2 N gene,PrThr,Pt,Respiratory,Ord,Probe.amp.tar,20200519
Hackensack University Medical Center (HUMC) Molecular Pathology Laboratory,LDT: CDI Enhanced COVID-19 Test*,,"Nasal swab (445297001^Swab of internal nose^SCT)
mid-turbinate nasal swab (871810001^Mid-turbinate nasal swab^SCT)
nasopharyngeal swab (258500001^Nasopharyngeal swab^SCT)
oropharyngeal swab (258529004^Throat swab^SCT)
nasopharyngeal wash/aspirates (258467004^Nasopharyngeal washings^SCT) or (258411007^Nasopharyngeal aspirate^SCT)


","SARS-CoV-2 Detected (260373001^Detected^SCT)
SARS-CoV-2 Not detected (260415000^Not detected^SCT)
SARS-CoV-2 presumptive positive (720735008^Presumptive positive^SCT)",94500-6,SARS coronavirus 2 RNA [Presence] in Respiratory specimen by NAA with probe detection,,,,,,SARS coronavirus 2 RNA,PrThr,Pt,Respiratory,Ord,Probe.amp.tar,20200519
Healgen Scientific,COVID-19 IgG/IgM Rapid Test Cassette (Whole Blood/Serum/Plasma)*,IgG anti- SARS-CoV-2,"Serum (119364003^Serum specimen^SCT)
Plasma (119361006^Plasma specimen^SCT)
Whole Blood (258580003^Whole blood sample^SCT)"," IgG anti-SARS-CoV-2 Positive (260373001^Detected^SCT)
Anti-SARS-CoV-2 Negative (260415000^Not detected^SCT)
Invalid (455371000124106^Invalid result^SCT or 125154007^Specimen unsatisfactory for evaluation^SCT)",94507-1,"SARS coronavirus 2 IgG Ab [Presence] in Serum, Plasma or Blood by Rapid immunoassay",,Expect to be reported together with the Rapid IA result for IgM.,,,,SARS coronavirus 2 Ab.IgG,PrThr,Pt,Ser/Plas,Ord,IA.rapid,20200602
Healgen Scientific,COVID-19 IgG/IgM Rapid Test Cassette (Whole Blood/Serum/Plasma)*,IgM anti-SARS-CoV-2,"Serum (119364003^Serum specimen^SCT)
Plasma (119361006^Plasma specimen^SCT)
Whole Blood (258580003^Whole blood sample^SCT)"," IgM anti-SARS-CoV-2 Positive (260373001^Detected^SCT)
Anti-SARS-CoV-2 Negative (260415000^Not detected^SCT)
Invalid (455371000124106^Invalid result^SCT or 125154007^Specimen unsatisfactory for evaluation^SCT)",94508-9,"SARS coronavirus 2 IgM Ab [Presence] in Serum, Plasma or Blood by Rapid immunoassay",,Expect to be reported together with the Rapid IA result for IgG.,,,,SARS coronavirus 2 Ab.IgM,PrThr,Pt,Ser/Plas,Ord,IA.rapid,20200602
Hologic,Panther Fusion® SARS-CoV-2 Assay,SARS-CoV-2 result,"nasopharyngeal swab (258500001^Nasopharyngeal swab^SCT)
oropharyngeal swab (258529004^Throat swab^SCT)","SARS-CoV-2 detected (260373001^Detected^SCT)
SARS-CoV-2 not Detected (260415000^Not detected^SCT)
Invalid (455371000124106^Invalid result^SCT or 125154007^Specimen unsatisfactory for evaluation^SCT)",94559-2,SARS coronavirus 2 ORF1ab region [Presence] in Respiratory specimen by NAA with probe detection,,,,,,SARS coronavirus 2 ORF1ab region,PrThr,Pt,Respiratory,Ord,Probe.amp.tar,20200505
Hologic,Aptima® SARS-CoV-2 Assay,SARS-CoV-2 result,"nasopharyngeal swab (258500001^Nasopharyngeal swab^SCT)
midturbinate nasal swab (871810001^Mid-turbinate nasal swab^SCT)
Nasal swab (445297001^Swab of internal nose^SCT)
nasopharyngeal wash (258467004^Nasopharyngeal washings^SCT)
nasopharyngeal aspirate (258411007^Nasopharyngeal aspirate^SCT)oropharyngeal swab (258529004^Throat swab^SCT)","SARS-CoV-2 detected (260373001^Detected^SCT)
SARS-CoV-2 not Detected (260415000^Not detected^SCT)
Invalid (455371000124106^Invalid result^SCT or 125154007^Specimen unsatisfactory for evaluation^SCT)",94559-2,SARS coronavirus 2 ORF1ab region [Presence] in Respiratory specimen by NAA with probe detection,,,,,,SARS coronavirus 2 ORF1ab region,PrThr,Pt,Respiratory,Ord,Probe.amp.tar,20200519
"InBios International, Inc ",Smart Detect SARS-CoV-2 rRT-PCR Kit*,SARS-CoV-2 Final interpretation,"nasopharyngeal swab (258500001^Nasopharyngeal swab^SCT)
anterior nasal swab (697989009^Anterior nares swab^SCT)
midturbinate nasal swab (871810001^Mid-turbinate nasal swab^SCT)","SARS-CoV-2 negative (260415000^Not Detected^SCT)
SARS-CoV-2 positive (260373001^Detected^SCT)
SARS-CoV-2 presumptive positive; retest specimen (720735008^Presumptive positive^SCT)
Invalid; retest specimen 455371000124106^Invalid result^SCT or 125154007^Specimen unsatisfactory for evaluation^SCT
",94500-6,SARS coronavirus 2 RNA [Presence] in Respiratory specimen by NAA with probe detection,,,,,,SARS coronavirus 2 RNA,PrThr,Pt,Respiratory,Ord,Probe.amp.tar,20200428
Infectious Disease Diagnostics Laboratory - Children's Hospital of Philadelphia,LDT: SARS-CoV-2 RT-PCR test*,,"nasopharyngeal swabs (258500001^Nasopharyngeal swab^SCT)
nasal swabs (445297001^Swab of internal nose^SCT)
mid-turbinate nasal swab (871810001^Mid-turbinate nasal swab^SCT)
BAL (258607008^Bronchoalveolar lavage fluid sample^SCT)

","Positive  2019-NCoV  (260373001^Detected^SCT)
Negative (260415000^Not detected^SCT)
Invalid (455371000124106^Invalid result^SCT or 125154007^Specimen unsatisfactory for evaluation^SCT)",94757-2,SARS coronavirus 2 N gene [Presence] in Respiratory specimen by Nucleic acid amplification using CDC primer-probe set N2,,,,,,SARS coronavirus 2 N gene ,PrThr,Pt,Respiratory,Ord,Probe.amp.tar.CDC primer-probe set N2,20200519
"Infectious Diseases Diagnostics Laboratory (IDDL), Boston Children's Hospital",LDT: Childrens-Altona-SARS-CoV-2 Assay*,,"Oropharyngeal swab (258529004^Throat swab^SCT)
nasopharyngeal swab (258500001^Nasopharyngeal swab^SCT)
anterior nasal swab (697989009^Anterior nares swab^SCT)
mid-turbinate nasal swab (871810001^Mid-turbinate nasal swab^SCT)","Positive  (260373001^Detected^SCT)
Negative (260415000^Not detected^SCT)
Inconclusive (419984006^Inconclusive^SCT)",94500-6,SARS coronavirus 2 RNA [Presence] in Respiratory specimen by NAA with probe detection,,,,,,SARS coronavirus 2 RNA,PrThr,Pt,Respiratory,Ord,Probe.amp.tar,20200519
Integrity Laboratories,LDT: SARS-CoV-2 Assay*,,"Nasal swab (445297001^Swab of internal nose^SCT)
nasopharyngeal swab (258500001^Nasopharyngeal swab^SCT)
oropharyngeal swab (258529004^Throat swab^SCT)


","Positive  2019-NCoV  (260373001^Detected^SCT)
Not detected (260415000^Not detected^SCT)
Inconclusive (419984006^Inconclusive^SCT)
Invalid (455371000124106^Invalid result^SCT or 125154007^Specimen unsatisfactory for evaluation^SCT)",94533-7,SARS coronavirus 2 N gene [Presence] in Respiratory specimen by NAA with probe detection,,,,,,SARS coronavirus 2 N gene,PrThr,Pt,Respiratory,Ord,Probe.amp.tar,20200519
"Ipsum Diagnostics, LLC",COV-19 IDx assay*,COV-19 IDx assay Report,"nasopharyngeal swab (258500001^Nasopharyngeal swab^SCT)
oropharyngeal swab (258529004^Throat swab^SCT)","Positive (260373001^Detected^SCT)
Negative (260415000^Not detected^SCT)
Invalid Result (455371000124106^Invalid result^SCT or 125154007^Specimen unsatisfactory for evaluation^SCT)",94533-7,SARS coronavirus 2 N gene [Presence] in Respiratory specimen by NAA with probe detection,,,,,,SARS coronavirus 2 N gene,PrThr,Pt,Respiratory,Ord,Probe.amp.tar,20200428
KorvaLabs Inc.,Curative-Korva SARS-Cov-2 Assay,SARS-CoV-2 nucleic acid,"Nasal swab (445297001^Swab of internal nose^SCT)
nasopharyngeal swab (258500001^Nasopharyngeal swab^SCT)
oropharyngeal swabs (258529004^Throat swab^SCT)
oral fluid (119342007^Saliva specimen^SCT)","Presumptive positive (720735008^Presumptive positive^SCT)
Negative (260415000^Not detected^SCT)
Inconclusive (419984006^Inconclusive^SCT)
Invalid (455371000124106^Invalid result^SCT or 125154007^Specimen unsatisfactory for evaluation^SCT)",94533-7,SARS coronavirus 2 N gene [Presence] in Respiratory specimen by NAA with probe detection,,,,,,SARS coronavirus 2 N gene,PrThr,Pt,Respiratory,Ord,Probe.amp.tar,20200602
Labcorp - Roche ,"Roche MagNA Pure-96 (MP96) using
MagNA Pure 96 DNA and Viral NA Small Volume Kit and Applied Biosystems
QuantStudio7 Flex (QS7) instrument with software version 1.3.",SARS-CoV-2 Report,"nasopharyngeal (NP) swabs (258500001^Nasopharyngeal swab^SCT) 
oropharyngeal (OP) swabs (258529004^Throat swab^SCT)","SARS-CoV-2 RNA is Detected (260373001^Detected^SCT)
SARS-CoV-2 RNA is Presumptive Positive (720735008^Presumptive positive^SCT)
SARS-CoV-2 RNA is Not Detected (260415000^Not detected^SCT)
Invalid Result (455371000124106^Invalid result^SCT or 125154007^Specimen unsatisfactory for evaluation^SCT)",94500-6,SARS coronavirus 2 RNA [Presence] in Respiratory specimen by NAA with probe detection,,,,,,SARS coronavirus 2 RNA,PrThr,Pt,Respiratory,Ord,Probe.amp.tar,20200428
Labcorp - Roche ,"Roche MagNA Pure-96 (MP96) using
MagNA Pure 96 DNA and Viral NA Small Volume Kit and Applied Biosystems
QuantStudio7 Flex (QS7) instrument with software version 1.3.",Target 1 (SARS-CoV-2 ORF1ab region),"nasopharyngeal (NP) swabs (258500001^Nasopharyngeal swab^SCT) 
oropharyngeal (OP) swabs (258529004^Throat swab^SCT)","Positive (260373001^Detected^SCT)
Negative (260415000^Not detected^SCT)
",94559-2,SARS coronavirus 2 ORF1ab region [Presence] in Respiratory specimen by NAA with probe detection,,,,,,SARS coronavirus 2 ORF1ab region,PrThr,Pt,Respiratory,Ord,Probe.amp.tar,20200428
Labcorp - Roche ,"Roche MagNA Pure-96 (MP96) using
MagNA Pure 96 DNA and Viral NA Small Volume Kit and Applied Biosystems
QuantStudio7 Flex (QS7) instrument with software version 1.3.",Target 2 (Sarbecovirus = SARS-related),"nasopharyngeal (NP) swabs (258500001^Nasopharyngeal swab^SCT) 
oropharyngeal (OP) swabs (258529004^Throat swab^SCT)","Positive (260373001^Detected^SCT)
Negative (260415000^Not detected^SCT)
",94502-2,SARS-related coronavirus RNA [Presence] in Respiratory specimen by NAA with probe detection,,,,,,SARS-related coronavirus RNA,PrThr,Pt,Respiratory,Ord,Probe.amp.tar,20200428
Labcorp - Roche ,"Roche MagNA Pure-96 (MP96) using
MagNA Pure 96 DNA and Viral NA Small Volume Kit and Applied Biosystems
QuantStudio7 Flex (QS7) instrument with software version 1.3.",RNase P,"nasopharyngeal (NP) swabs (258500001^Nasopharyngeal swab^SCT) 
oropharyngeal (OP) swabs (258529004^Throat swab^SCT)","Positive (260373001^Detected^SCT)
Negative (260415000^Not detected^SCT)
",68993-5,Human RNase P RNA [Presence] in Unspecified specimen by NAA with probe detection,,,,,,Human RNase P RNA,PrThr,Pt,XXX,Ord,Probe.amp.tar,20200428
LabGenomics Co. Ltd.,LabGun COVID-19 RT-PCR Kit*,SARS-CoV-2 Result Interpretation,"anterior nasal swabs (697989009^Anterior nares swab^SCT)
mid-turbinate nasal swabs(871810001^Mid-turbinate nasal swab^SCT)
nasopharyngeal swabs (258500001^Nasopharyngeal swab^SCT)
oropharyngeal swabs (258529004^Throat swab^SCT)
sputum (119334006^Sputum specimen^SCT)
nasopharyngeal wash (258467004^Nasopharyngeal washings^SCT)
nasopharyngeal aspirate (258411007^Nasopharyngeal aspirate^SCT)
nasal aspirate (429931000124105^Nasal aspirate specimen^SCT)","SARS-CoV-2 Detected (260373001^Detected^SCT)
Inconclusive (419984006^Inconclusive^SCT)
SARS-CoV-2 Not detected (260415000^Not detected^SCT)
Invalid (455371000124106^Invalid result^SCT or 125154007^Specimen unsatisfactory for evaluation^SCT)",94500-6,SARS coronavirus 2 RNA [Presence] in Respiratory specimen by NAA with probe detection,,,,,,SARS coronavirus 2 RNA,PrThr,Pt,Respiratory,Ord,Probe.amp.tar,20200512
Luminex Corporation,ARIES SARS-CoV-2 Assay,SARS-CoV-2 Result Interpretation,nasopharyngeal swab (258500001^Nasopharyngeal swab^SCT),"SARS-CoV-2 RNA positive (260373001^Detected^SCT)
SARS-CoV-2 RNA negative (260415000^Not detected^SCT)
Invalid (455371000124106^Invalid result^SCT or 125154007^Specimen unsatisfactory for evaluation^SCT)",94759-8,SARS coronavirus 2 RNA [Presence] in Nasopharynx by NAA with probe detection,,,,,,SARS coronavirus 2 RNA,PrThr,Pt,Nph,Ord,Probe.amp.tar,20200505
Luminex Molecular Diagnostics,NxTAG® CoV Extended Panel Assay,SARS-CoV-2 Result Interpretation,nasopharyngeal swab (258500001^Nasopharyngeal swab^SCT) ,"Detected (260373001^Detected^SCT)
Not Detected (260415000^Not detected^SCT)
Invalid Result (455371000124106^Invalid result^SCT or 125154007^Specimen unsatisfactory for evaluation^SCT)",94759-8,SARS coronavirus 2 RNA [Presence] in Nasopharynx by NAA with probe detection,,,,,,SARS coronavirus 2 RNA,PrThr,Pt,Nph,Ord,Probe.amp.tar,20200505
Maccura Biotechnology (USA) LL,SARS-CoV-2 Fluorescent PCR Kit,SARS-CoV-2 viral nucleic acids,"Nasal swab (445297001^Swab of internal nose^SCT)
Mid-turbinate nasal swabs(871810001^Mid-turbinate nasal swab^SCT)
nasopharyngeal swab (258500001^Nasopharyngeal swab^SCT)
oropharyngeal swabs (258529004^Throat swab^SCT)","SARS-CoV-2 Positive  (260373001^Detected^SCT)
SARS-CoV-2 Negative (260415000^Not detected^SCT)
Inconclusive (419984006^Inconclusive^SCT)
Invalid (455371000124106^Invalid result^SCT)",94500-6,SARS coronavirus 2 RNA [Presence] in Respiratory specimen by NAA with probe detection,,,,,,SARS coronavirus 2 RNA,PrThr,Pt,Respiratory,Ord,Probe.amp.tar,20200602
Massachusetts General Hospital,LDT: MGH COVID-19 qPCR assay*,,"nasopharyngeal swabs (258500001^Nasopharyngeal swab^SCT)
nasal swabs (445297001^Swab of internal nose^SCT)
oropharyngeal swabs (258529004^Throat swab^SCT)
BAL (258607008^Bronchoalveolar lavage fluid sample^SCT)
","Positive  2019-NCoV  (260373001^Detected^SCT)
Not detected (260415000^Not detected^SCT)
Inconclusive (419984006^Inconclusive^SCT)
Invalid (455371000124106^Invalid result^SCT or 125154007^Specimen unsatisfactory for evaluation^SCT)",94533-7,SARS coronavirus 2 N gene [Presence] in Respiratory specimen by NAA with probe detection,,,,,,SARS coronavirus 2 N gene,PrThr,Pt,Respiratory,Ord,Probe.amp.tar,20200519
"Mayo Clinic Laboratories, Rochester, MN",LDT: SARS-CoV-2 Molecular Detection Assay*,,"nasopharyngeal swabs (258500001^Nasopharyngeal swab^SCT)
nasal swabs (445297001^Swab of internal nose^SCT)
oropharyngeal swabs (258529004^Throat swab^SCT)
sputum (119334006^Sputum specimen^SCT)
bronchoalveolar lavage(258607008^Bronchoalveolar lavage fluid sample^SCT)
lower respiratory tract aspirates (309171007^Lower respiratory fluid sample^SCT)",,94500-6,SARS coronavirus 2 RNA [Presence] in Respiratory specimen by NAA with probe detection,,,,,,SARS coronavirus 2 RNA,PrThr,Pt,Respiratory,Ord,Probe.amp.tar,20200519
Nationwide Children’s Hospital,LDT: SARS-CoV-2 Assay*,,"Upper and lower respiratory specimens, such as:
nasopharyngeal swabs (258500001^Nasopharyngeal swab^SCT)
nasal swabs (445297001^Swab of internal nose^SCT)
mid-turbinate nasal swabs (871810001^Mid-turbinate nasal swab^SCT)
oropharyngeal swabs (258529004^Throat swab^SCT)
nasopharyngeal wash/aspirates (258467004^Nasopharyngeal washings^SCT) or (258411007^Nasopharyngeal aspirate^SCT)
nasal aspirates (429931000124105^Nasal aspirate specimen^SCT)
bronchoalveolar lavage (258607008^Bronchoalveolar lavage fluid sample^SCT)
lower respiratory tract aspirates (309171007^Lower respiratory fluid sample^SCT)
sputum  (119334006^Sputum specimen^SCT)","Positive (260373001^Detected^SCT)
Negative (260415000^Not detected^SCT)
Invalid (455371000124106^Invalid result^SCT or 125154007^Specimen unsatisfactory for evaluation^SCT)",94533-7,SARS coronavirus 2 N gene [Presence] in Respiratory specimen by NAA with probe detection,,,,,,SARS coronavirus 2 N gene,PrThr,Pt,Respiratory,Ord,Probe.amp.tar,20200512
NeuMoDx Molecular,NeuMoDx™ SARS-CoV-2 Assay*,SARS-CoV2 Result Interpretation,"Nasal specimen (429931000124105^Nasal aspirate specimen^SCT or 445297001^Swab of internal nose^SCT)
nasopharyngeal specimen (258500001^Nasopharyngeal swab^SCT or nasopharyngeal wash (258467004^Nasopharyngeal washings^SCT or 258411007^Nasopharyngeal aspirate^SCT)
oropharyngeal specimen (258529004^Throat swab^SCT)","SARS-CoV-2 RNA detected (260373001^Detected^SCT)
SARS-CoV-2 RNA not detected (260415000^Not detected^SCT)
All target results were invalid  (455371000124106^Invalid result^SCT or 125154007^Specimen unsatisfactory for evaluation^SCT)",94500-6,SARS coronavirus 2 RNA [Presence] in Respiratory specimen by NAA with probe detection,,,,,,SARS coronavirus 2 RNA,PrThr,Pt,Respiratory,Ord,Probe.amp.tar,20200428
NY Wadsworth,New York SARS-CoV-2 Real-time Reverse Transcriptase (RT)-PCR Diagnostic Panel*,SARS- CoV-2 Result Interpretation,"Nasopharyngeal Swab (258500001^Nasopharyngeal swab^SCT)
oropharyngeal swabs (258529004^Throat swab^SCT)
433801000124107^Nasopharyngeal and oropharyngeal swab^SCT
sputum (119334006^Sputum specimen^SCT)
saliva (119342007^Saliva specimen^SCT)
nasal swab (445297001^Swab of internal nose^SCT)","Positive SARS-CoV-2 (260373001^Detected^SCT)
 SARS-CoV-2 Not Detected (260415000^Not detected^SCT)
Inconclusive (419984006^Inconclusive^SCT)
Invalid (455371000124106^Invalid result^SCT or 125154007^Specimen unsatisfactory for evaluation^SCT)",94309-2,SARS Coronavirus 2 RNA [Presence] in Unspecified specimen Qualitative by NAA with probe detection,,,,,,SARS Coronavirus 2 RNA,PrThr,PT,XXX,Ord,Probe.amp.tar,20200428
NY Wadsworth,New York SARS-CoV-2 Real-time Reverse Transcriptase (RT)-PCR Diagnostic Panel*,SARS- CoV-2 N1,"Nasopharyngeal Swab (258500001^Nasopharyngeal swab^SCT)
oropharyngeal swabs (258529004^Throat swab^SCT)
433801000124107^Nasopharyngeal and oropharyngeal swab^SCT
sputum (119334006^Sputum specimen^SCT)
saliva (119342007^Saliva specimen^SCT)
nasal swab (445297001^Swab of internal nose^SCT)","+ (260373001^Detected^SCT)
- (260415000^Not Detected^SCT)",94307-6,SARS Coronavirus 2 N gene [Presence] in Unspecified specimen by Nucleic acid amplification using primer-probe set N1,,,,,,SARS Coronavirus 2 N gene,PrThr,PT,XXX,Ord,Probe.amp.tar.primer-probe set N1,20200428
NY Wadsworth,New York SARS-CoV-2 Real-time Reverse Transcriptase (RT)-PCR Diagnostic Panel*,SARS- CoV-2 N2,"Nasopharyngeal Swab (258500001^Nasopharyngeal swab^SCT)
oropharyngeal swabs (258529004^Throat swab^SCT)
433801000124107^Nasopharyngeal and oropharyngeal swab^SCT
sputum (119334006^Sputum specimen^SCT)
saliva (119342007^Saliva specimen^SCT)
nasal swab (445297001^Swab of internal nose^SCT)","+ (260373001^Detected^SCT)
- (260415000^Not Detected^SCT)",94308-4,SARS Coronavirus 2 N gene [Presence] in Unspecified specimen by Nucleic acid amplification using primer-probe set N2,,,,,,SARS Coronavirus 2 N gene,PrThr,PT,XXX,Ord,Probe.amp.tar.primer-probe set N2,20200428
NY Wadsworth,New York SARS-CoV-2 Real-time Reverse Transcriptase (RT)-PCR Diagnostic Panel*,SARS- CoV-2 Result Interpretation,"Nasopharyngeal Swab (258500001^Nasopharyngeal swab^SCT)
oropharyngeal swabs (258529004^Throat swab^SCT)
433801000124107^Nasopharyngeal and oropharyngeal swab^SCT
sputum (119334006^Sputum specimen^SCT)
saliva (119342007^Saliva specimen^SCT)
nasal swab (445297001^Swab of internal nose^SCT)","Positive SARS-CoV-2 (260373001^Detected^SCT)
 SARS-CoV-2 Not Detected (260415000^Not detected^SCT)
Inconclusive (419984006^Inconclusive^SCT)
Invalid (455371000124106^Invalid result^SCT or 125154007^Specimen unsatisfactory for evaluation^SCT)",94309-2,SARS Coronavirus 2 RNA [Presence] in Unspecified specimen Qualitative by NAA with probe detection,,,,,,SARS Coronavirus 2 RNA,PrThr,PT,XXX,Ord,Probe.amp.tar,20200428
NY Wadsworth,New York SARS-CoV-2 Real-time Reverse Transcriptase (RT)-PCR Diagnostic Panel*,RNase P,"Nasopharyngeal Swab (258500001^Nasopharyngeal swab^SCT)
oropharyngeal swabs (258529004^Throat swab^SCT)
433801000124107^Nasopharyngeal and oropharyngeal swab^SCT
sputum (119334006^Sputum specimen^SCT)
saliva (119342007^Saliva specimen^SCT)
nasal swab (445297001^Swab of internal nose^SCT)","+ (260373001^Detected^SCT)
- (260415000^Not Detected^SCT)",68993-5,Human RNase P RNA [Presence] in Unspecified specimen by NAA with probe detection,,,,,,Human RNase P RNA,PrThr,PT,XXX,Ord,Probe.amp.tar,20200428
NY Wadsworth,New York SARS-CoV Microsphere Immunoassay for Antibody Detection*,SARS-CoV-2 total antibody (IgM/IgA/IgG),Serum (119364003^Serum specimen^SCT),"Positive (260373001^Detected^SCT)
Negative (260415000^Not detected^SCT)
Indeterminate (82334004^Indeterminate^SCT)",94762-2,SARS coronavirus 2 Ab [Presence] in Serum or Plasma by Immunoassay,,,,,,SARS coronavirus 2 Ab,PrThr,Pt,Ser/Plas,Ord,IA,20200512
One Health Laboratories,LDT: SARS-CoV-2 Real-Time RT-PCR Test*,SARS-CoV-2 RNA,"Nasal swab (445297001^Swab of internal nose^SCT)
mid-turbinate nasal swab (871810001^Mid-turbinate nasal swab^SCT)
nasopharyngeal swab (258500001^Nasopharyngeal swab^SCT)
oropharyngeal swabs (258529004^Throat swab^SCT)
nasopharyngeal wash (258467004^Nasopharyngeal washings^SCT)
nasopharyngeal aspirate (258411007^Nasopharyngeal aspirate^SCT)
nasal aspirate (429931000124105^Nasal aspirate specimen^SCT)","Positive  (260373001^Detected^SCT)
Negative (260415000^Not detected^SCT)
Inconclusive (419984006^Inconclusive^SCT)
Invalid (455371000124106^Invalid result^SCT)",94500-6,SARS coronavirus 2 RNA [Presence] in Respiratory specimen by NAA with probe detection,,,,,,SARS coronavirus 2 RNA,PrThr,Pt,Respiratory,Ord,Probe.amp.tar,20200519
"OPTI Medical Systems, Inc.",OPTI SARS-CoV-2 RT PCR Test*,SARS-CoV-2 RNA,"upper and lower respiratory specimens:
anterior nasal swabs (697989009^Anterior nares swab^SCT)
mid-turbinate nasal swabs(871810001^Mid-turbinate nasal swab^SCT)
nasopharyngeal swabs (258500001^Nasopharyngeal swab^SCT)
oropharyngeal swabs (258529004^Throat swab^SCT)
sputum (119334006^Sputum specimen^SCT)
lower respiratory tract aspirates (309171007^Lower respiratory fluid sample^SCT)
nasopharyngeal wash (258467004^Nasopharyngeal washings^SCT)
nasopharyngeal aspirate (258411007^Nasopharyngeal aspirate^SCT)
nasal aspirate (429931000124105^Nasal aspirate specimen^SCT)","SARS-CoV-2 positive (260373001^Detected^SCT)
SARS-CoV-2 negative (260415000^Not detected^SCT)
Invalid (455371000124106^Invalid result^SCT or 125154007^Specimen unsatisfactory for evaluation^SCT)",94533-7,SARS coronavirus 2 N gene [Presence] in Respiratory specimen by NAA with probe detection,,,,,,SARS coronavirus 2 N gene,PrThr,Pt,Respiratory,Ord,Probe.amp.tar,20200512
"Orig3n, Inc.",LDT: Orig3n 2019 Novel Coronavirus (COVID-19) Test*,,"Oropharyngeal swab (258529004^Throat swab^SCT)
nasopharyngeal swab (258500001^Nasopharyngeal swab^SCT)
anterior nasal swab (697989009^Anterior nares swab^SCT)
mid-turbinate nasal swab (871810001^Mid-turbinate nasal swab^SCT)","SARS-CoV-2 Detected (260373001^Detected^SCT)
SARS-CoV-2 Not detected (260415000^Not detected^SCT)
SARS-CoV-2 presumptive positive (720735008^Presumptive positive^SCT)
Invalid (455371000124106^Invalid result^SCT or 125154007^Specimen unsatisfactory for evaluation^SCT)",94533-7,SARS coronavirus 2 N gene [Presence] in Respiratory specimen by NAA with probe detection,,,,,,SARS coronavirus 2 N gene,PrThr,Pt,Respiratory,Ord,Probe.amp.tar,20200519
"Ortho Clinical Diagnostics, Inc. ",VITROS Immunodiagnostic Products Anti-SARS-CoV-2 Total Reagent Pack*,Anti-SARS-CoV-2 IgG and IgM,"serum (119364003^Serum specimen^SCT)
plasma (119361006^Plasma specimen^SCT)","Specimen is non-reactive for anti‑SARS-CoV-2 (260385009^Negative^SCT)
Specimen is reactive for anti‑SARS-CoV-2 (10828004^Positive^SCT)",94547-7,SARS coronavirus 2 IgG+IgM Ab [Presence] in Serum or Plasma by Immunoassay,,,,,,SARS coronavirus 2 Ab.IgG+IgM,PrThr,Pt,Ser/Plas,Ord,IA,20200428
OSANG Healthcare,GeneFinder COVID-19 Plus RealAmp Kit,SARS-CoV-2 nucleic acids,"Nasal swab (445297001^Swab of internal nose^SCT)
Mid-turbinate nasal swabs(871810001^Mid-turbinate nasal swab^SCT)
nasopharyngeal swab (258500001^Nasopharyngeal swab^SCT)
oropharyngeal swabs (258529004^Throat swab^SCT)
BAL (258607008^Bronchoalveolar lavage fluid sample^SCT)
sputum (119334006^Sputum specimen^SCT)","SARS-CoV-2 positive (260373001^Detected^SCT)
SARS-CoV-2 negative (260415000^Not detected^SCT)
SARS-CoV-2 presumptive positive (720735008^Presumptive positive^SCT)
Invalid (455371000124106^Invalid result^SCT or 125154007^Specimen unsatisfactory for evaluation^SCT)",94500-6,SARS coronavirus 2 RNA [Presence] in Respiratory specimen by NAA with probe detection,,,,,,SARS coronavirus 2 RNA,PrThr,Pt,Respiratory,Ord,Probe.amp.tar,20200602
P23 Labs,TaqPath SARS-CoV-2 Assay*,SARS-CoV-2 RNA,"Nasal swab (445297001^Swab of internal nose^SCT)
Mid-turbinate nasal swabs(871810001^Mid-turbinate nasal swab^SCT)
nasopharyngeal swab (258500001^Nasopharyngeal swab^SCT)
oropharyngeal swabs (258529004^Throat swab^SCT)
nasopharyngeal wash (258467004^Nasopharyngeal washings^SCT)
nasopharyngeal aspirate (258411007^Nasopharyngeal aspirate^SCT)
nasal aspirate (429931000124105^Nasal aspirate specimen^SCT)
BAL (258607008^Bronchoalveolar lavage fluid sample^SCT)","Positive  (260373001^Detected^SCT)
Negative (260415000^Not detected^SCT)
Inconclusive (419984006^Inconclusive^SCT)",94500-6,SARS coronavirus 2 RNA [Presence] in Respiratory specimen by NAA with probe detection,,,,,,SARS coronavirus 2 RNA,PrThr,Pt,Respiratory,Ord,Probe.amp.tar,20200526
P23 Labs,TaqPath SARS-CoV-2 Assay*,SARS-CoV-2 RNA,saliva (119342007^Saliva specimen^SCT),"Positive  (260373001^Detected^SCT)
Negative (260415000^Not detected^SCT)
Inconclusive (419984006^Inconclusive^SCT)",94845-5,SARS coronavirus 2 RNA [Presence] in Saliva (oral fluid) by NAA with probe detection,,,,,,SARS coronavirus 2 RNA,PrThr,Pt,Saliva,Ord,Probe.amp.tar,20200526
Pathology/Laboratory Medicine Lab of Baptist Hospital Miami,LDT: COVID-19 RT-PCR Test*,,"Upper respiratory specimens including:
nasopharyngeal swab (258500001^Nasopharyngeal swab^SCT)
oropharyngeal swab (258529004^Throat swab^SCT)


","Detected  (260373001^Detected^SCT)
Not detected (260415000^Not detected^SCT)
Inconclusive (419984006^Inconclusive^SCT)
Invalid (455371000124106^Invalid result^SCT or 125154007^Specimen unsatisfactory for evaluation^SCT)",94757-2,SARS coronavirus 2 N gene [Presence] in Respiratory specimen by Nucleic acid amplification using CDC primer-probe set N2,,,,,,SARS coronavirus 2 N gene ,PrThr,Pt,Respiratory,Ord,Probe.amp.tar.CDC primer-probe set N2,20200519
PerkinElmer,PerkinElmer® New Coronavirus Nucleic Acid Detection Kit test*,SARS-CoV-2 Result Interpretation,"Respiratory Specimens:
Nasopharyngeal swab (NP) (258500001^Nasopharyngeal swab^SCT)
Oropharyngeal swab (e.g., throat swab, OP) (258529004^Throat swab^SCT)","SARS-CoV-2 detected (260373001^Detected^SCT)
SARS-CoV-2 not detected (260415000^Not detected^SCT)
Invalid Result (455371000124106^Invalid result^SCT or 125154007^Specimen unsatisfactory for evaluation^SCT)",94500-6,SARS coronavirus 2 RNA [Presence] in Respiratory specimen by NAA with probe detection,,,,,,SARS coronavirus 2 RNA,PrThr,Pt,Respiratory,Ord,Probe.amp.tar,20200428
Primerdesign,Primerdesign Ltd COVID-19 genesig® Real-Time PCR assay*,COVID-19 Result Interpretation,Oropharyngeal Swabs (258529004^Throat swab^SCT),"SARS-CoV-2 Positive (260373001^Detected^SCT)
SARS-CoV-2 Negative (260415000^Not detected^SCT)
Result invalid (455371000124106^Invalid result^SCT or 125154007^Specimen unsatisfactory for evaluation^SCT)",94559-2,SARS coronavirus 2 ORF1ab region [Presence] in Respiratory specimen by NAA with probe detection,,,,,,SARS coronavirus 2 ORF1ab region,PrThr,Pt,Respiratory,Ord,Probe.amp.tar,20200428
QIAGEN GmbH,QIAstat-Dx Respiratory SARS-CoV-2 Panel*,SARS-CoV-2,nasopharyngeal swab (258500001^Nasopharyngeal swab^SCT),"Detected (260373001^Detected^SCT)
Equivocal (42425007^Equivocal^SCT or 419984006^Inconclusive^SCT)
Not Detected (260415000^Not detected^SCT)",94759-8,SARS coronavirus 2 RNA [Presence] in Nasopharynx by NAA with probe detection,,,,,,SARS coronavirus 2 RNA,PrThr,Pt,Nph,Ord,Probe.amp.tar,20200505
Quest Diagnostics,Quest SARS-CoV-2 rRT-PCR,SARS-Cov-2 Result Interpretation,"upper and lower respiratory specimens (such as
nasopharyngeal swab (258500001^Nasopharyngeal swab^SCT)
oropharyngeal swabs (258529004^Throat swab^SCT)
sputum (119334006^Sputum specimen^SCT)
tracheal aspirates (445447003^Specimen from trachea obtained by aspiration^SCT)
and bronchoalveolar lavage/wash (258607008^Bronchoalveolar lavage fluid sample^SCT)).","allowed results are:
Detected (260373001^Detected^SCT)
Not Detected (260415000^Not detected^SCT)
Inconclusive (419984006^Inconclusive^SCT)
Invalid Result (455371000124106^Invalid result^SCT or 125154007^Specimen unsatisfactory for evaluation^SCT)",94500-6,SARS coronavirus 2 RNA [Presence] in Respiratory specimen by NAA with probe detection,,,,,,SARS coronavirus 2 RNA,PrThr,Pt,Respiratory,Ord,Probe.amp.tar,20200428
Quest Diagnostics,Quest SARS-CoV-2 rRT-PCR,nCoV-N1,"upper and lower respiratory specimens (such as
nasopharyngeal swab (258500001^Nasopharyngeal swab^SCT)
oropharyngeal swabs (258529004^Throat swab^SCT)
sputum (119334006^Sputum specimen^SCT)
tracheal aspirates (445447003^Specimen from trachea obtained by aspiration^SCT)
and bronchoalveolar lavage/wash (258607008^Bronchoalveolar lavage fluid sample^SCT)).","allowed results are:
Detected (260373001^Detected^SCT)
Not Detected (260415000^Not detected^SCT)
",94307-6,SARS Coronavirus 2 N gene [Presence] in Unspecified specimen by Nucleic acid amplification using primer-probe set N1,,,,,,SARS Coronavirus 2 N gene,PrThr,PT,XXX,Ord,Probe.amp.tar.primer-probe set N1,20200428
Quest Diagnostics,Quest SARS-CoV-2 rRT-PCR,nCoV-N2,"upper and lower respiratory specimens (such as
nasopharyngeal swab (258500001^Nasopharyngeal swab^SCT)
oropharyngeal swabs (258529004^Throat swab^SCT)
sputum (119334006^Sputum specimen^SCT)
tracheal aspirates (445447003^Specimen from trachea obtained by aspiration^SCT)
and bronchoalveolar lavage/wash (258607008^Bronchoalveolar lavage fluid sample^SCT)).","allowed results are:
Detected (260373001^Detected^SCT)
Not Detected (260415000^Not detected^SCT)
",94308-4,SARS Coronavirus 2 N gene [Presence] in Unspecified specimen by Nucleic acid amplification using primer-probe set N2,,,,,,SARS Coronavirus 2 N gene,PrThr,PT,XXX,Ord,Probe.amp.tar.primer-probe set N2,20200428
Quest Diagnostics,Quest SARS-CoV-2 rRT-PCR,RNA IPC,"upper and lower respiratory specimens (such as
nasopharyngeal swab (258500001^Nasopharyngeal swab^SCT)
oropharyngeal swabs (258529004^Throat swab^SCT)
sputum (119334006^Sputum specimen^SCT)
tracheal aspirates (445447003^Specimen from trachea obtained by aspiration^SCT)
and bronchoalveolar lavage/wash (258607008^Bronchoalveolar lavage fluid sample^SCT)","allowed results are:
Detected (260373001^Detected^SCT)
Not Detected (260415000^Not detected^SCT)
",XXXXX - Submitted for LOINC - XXXXX,,,,,,,,,,,,,20200428
Quest Diagnostics,"SARS-CoV-2 Antibodies, Immunoassay",SARS-CoV-2 Antibodies Interpretation,"Serum (119364003^Serum specimen^SCT)
Plasma (119361006^Plasma specimen^SCT)
Whole Blood (258580003^Whole blood sample^SCT)??","Not Detected (260415000^Not detected^SCT)
Recent Exposure => (PLR4348^Evidence of recent infection^PLR  or use LOINC answer code: LA28482-0^Recent infection^SCT)
Past Exposure (PLR4349^Evidence of past infection^PLR or use LOINC answer code: LA28481-2^Past infection^LN)
Inconclusive (419984006^Inconclusive^SCT)",94661-6,SARS coronavirus 2 Ab [Interpretation] in Serum or Plasma,86028569,,,,,SARS coronavirus 2 Ab,Imp,Pt,Ser/Plas,Nom,,20200428
Quest Diagnostics,"SARS-CoV-2 Antibodies, Immunoassay",SARS CoV 2 AB (IgG),"Serum (119364003^Serum specimen^SCT)
Plasma (119361006^Plasma specimen^SCT)
Whole Blood (258580003^Whole blood sample^SCT)??","Positive (10828004^Positive^SCT)
Negative (260385009^Negative^SCT)",94563-4,SARS coronavirus 2 IgG Ab [Presence] in Serum or Plasma by Immunoassay,86028566,,,,,SARS coronavirus 2 Ab.IgG,PrThr,Pt,Ser/Plas,Ord,IA,20200428
Quest Diagnostics,"SARS-CoV-2 Antibodies, Immunoassay",SARS CoV 2 AB (IgA),"Serum (119364003^Serum specimen^SCT)
Plasma (119361006^Plasma specimen^SCT)
Whole Blood (258580003^Whole blood sample^SCT)??","Positive (10828004^Positive^SCT)
Negative (260385009^Negative^SCT)",94562-6,SARS coronavirus 2 IgA Ab [Presence] in Serum or Plasma by Immunoassay,86028567,,,,,SARS coronavirus 2 Ab.IgA,PrThr,Pt,Ser/Plas,Ord,IA,20200428
Quest Diagnostics,"SARS-CoV-2 Antibodies, Immunoassay",SARS CoV 2 AB (IgM),"Serum (119364003^Serum specimen^SCT)
Plasma (119361006^Plasma specimen^SCT)
Whole Blood (258580003^Whole blood sample^SCT)??","Positive (10828004^Positive^SCT)
Negative (260385009^Negative^SCT)
Any others???",94564-2,SARS coronavirus 2 IgM Ab [Presence] in Serum or Plasma by Immunoassay,86028568,,,,,SARS coronavirus 2 Ab.IgM,PrThr,Pt,Ser/Plas,Ord,IA,20200428
Quidel,Lyra® 52 SARS-CoV-2 Assay*,"SARS-CoV-2 Result
Interpretation","nasopharyngeal swab (258500001^Nasopharyngeal swab^SCT)
oropharyngeal swab (258529004^Throat swab^SCT)","SARS-CoV-2 Virus Viral RNA detected (260373001^Detected^SCT)
No SARS-CoV-2 viral RNA detected; PRC Detected (260415000^Not detected^SCT)
No SARS-CoV-2 viral RNA detected and no PRC detected (455371000124106^Invalid result^SCT or 125154007^Specimen unsatisfactory for evaluation^SCT)",94559-2,SARS coronavirus 2 ORF1ab region [Presence] in Respiratory specimen by NAA with probe detection,,,,,,SARS coronavirus 2 RNA,PrThr,Pt,Respiratory,Ord,Probe.amp.tar,20200428
Quidel Corp.,Sofia 2 SARS Antigen FIA,SARS-CoV-2 Ag (nucleocapsid protein),"Nasopharyngeal swab (258500001^Nasopharyngeal swab^SCT)
Nasal swab (445297001^Swab of internal nose^SCT)","Positive (10828004^Positive^SCT)
Negative (260385009^Negative^SCT)
Invalid (455371000124106^Invalid result^SCT or 125154007^Specimen unsatisfactory for evaluation^SCT)",95209-3,SARS coronavirus+SARS coronavirus 2 Ag [Presence] in Respiratory specimen by Rapid immunoassay,,,,,,SARS coronavirus+SARS coronavirus 2 Ag,PrThr,Pt,Respiratory,Ord,IA.rapid,20200526
Rheonix Inc.,Rheonix COVID-19 MDx Assay*,SARS-CoV-2 Result Interpretation,"anterior nasal swabs (697989009^Anterior nares swab^SCT)
mid-turbinate nasal swabs(871810001^Mid-turbinate nasal swab^SCT)
nasopharyngeal swabs (258500001^Nasopharyngeal swab^SCT)
oropharyngeal swabs (258529004^Throat swab^SCT)
nasal aspirate (429931000124105^Nasal aspirate specimen^SCT)
nasal wash (433871000124101^Nasal washings^SCT)
bronchoalveolar lavage(258607008^Bronchoalveolar lavage fluid sample^SCT)","Positive SARS-CoV-2 (260373001^Detected^SCT)
Negative SARS-CoV-2 (260415000^Not Detected^SCT)
Indeterminate (455371000124106^Invalid result^SCT or 125154007^Specimen unsatisfactory for evaluation^SCT)",94756-4,SARS coronavirus 2 N gene [Presence] in Respiratory specimen by Nucleic acid amplification using CDC primer-probe set N1,,,,,,SARS coronavirus 2 RNA,PrThr,Pt,Respiratory,Ord,Probe.amp.tar.primer-probe set N1,20200512
Roche, cobas® 6800/8800 Systems,cobas® SARS-CoV-2,"nasopharyngeal (NP) swabs (258500001^Nasopharyngeal swab^SCT) 
oropharyngeal (OP) swabs (258529004^Throat swab^SCT)","SARS-CoV-2 RNA is Detected (260373001^Detected^SCT)
SARS-CoV-2 RNA is Presumptive Positive (720735008^Presumptive positive^SCT)
SARS-CoV-2 RNA is Not Detected (260415000^Not detected^SCT)
Invalid Result (455371000124106^Invalid result^SCT or 125154007^Specimen unsatisfactory for evaluation^SCT)",94500-6,SARS coronavirus 2 RNA [Presence] in Respiratory specimen by NAA with probe detection,SARS-COV-2^SARSCOV-2^99ROC,,SARS-CoV-2,,,SARS coronavirus 2 RNA,PrThr,Pt,Respiratory,Ord,Probe.amp.tar,20200428
Roche,Elecsys Anti-SARS-CoV-2 (cobas® Systems)*,Anti-SARS-CoV2 antibodies,"Serum (119364003^Serum specimen^SCT)
Plasma (119361006^Plasma specimen^SCT)","Positive (10828004^Positive^SCT)
Negative (260385009^Negative^SCT)",94762-2,SARS coronavirus 2 Ab [Presence] in Serum or Plasma by Immunoassay,,,,,,SARS coronavirus 2 Ab,PrThr,Pt,Ser/Plas,Ord,IA,20200512
Rutgers Clinical Genomics Laboratory-Rutgers University,LDT: ThermoFisher - Applied Biosystems TaqPath COVID-19 Combo Kit*,,"Oropharyngeal swab (258529004^Throat swab^SCT)
nasopharyngeal swab (258500001^Nasopharyngeal swab^SCT)
anterior nasal swab (697989009^Anterior nares swab^SCT)
mid-turbinate nasal swab (871810001^Mid-turbinate nasal swab^SCT)","Positive  (260373001^Detected^SCT)
Negative (260415000^Not detected^SCT)
Inconclusive (419984006^Inconclusive^SCT)",94500-6,SARS coronavirus 2 RNA [Presence] in Respiratory specimen by NAA with probe detection,,,,,,SARS coronavirus 2 RNA,PrThr,Pt,Respiratory,Ord,Probe.amp.tar,20200519
Rutgers Clinical Genomics Laboratory-Rutgers University,LDT: ThermoFisher - Applied Biosystems TaqPath COVID-19 Combo Kit - Saliva*,,saliva (119342007^Saliva specimen^SCT),"Positive  (260373001^Detected^SCT)
Negative (260415000^Not detected^SCT)
Inconclusive (419984006^Inconclusive^SCT)",94845-5,SARS coronavirus 2 RNA [Presence] in Saliva (oral fluid) by NAA with probe detection,,,,,,SARS coronavirus 2 RNA,PrThr,Pt,Saliva,Ord,Probe.amp.tar,20200519
Sansure BioTech Inc.,Novel Coronavirus (2019-nCoV) Nucleic Acid Diagnostic Kit (PCR-Fluorescence Probing)*,SARS-CoV-2 Result Interpretation,"anterior nasal swabs (697989009^Anterior nares swab^SCT)
mid-turbinate nasal swabs(871810001^Mid-turbinate nasal swab^SCT)
nasopharyngeal swabs (258500001^Nasopharyngeal swab^SCT)
oropharyngeal swabs (258529004^Throat swab^SCT)
nasal aspirate (429931000124105^Nasal aspirate specimen^SCT)
nasal wash (433871000124101^Nasal washings^SCT)","Positive (260373001^Detected^SCT)
Negative (260415000^Not detected^SCT)
Invalid (455371000124106^Invalid result^SCT or 125154007^Specimen unsatisfactory for evaluation^SCT)",94500-6,SARS coronavirus 2 RNA [Presence] in Respiratory specimen by NAA with probe detection,,,,,,SARS coronavirus 2 RNA,PrThr,Pt,Respiratory,Ord,Probe.amp.tar,20200512
ScienCell,SARS-CoV-2 Coronavirus Real-time RT-PCR (RT-qPCR) Detection Kit*,SARS-CoV Results Interpretation,"nasal swab (445297001^Swab of internal nose^SCT)
nasopharyngeal swab (258500001^Nasopharyngeal swab^SCT)
oropharyngeal swab (258529004^Throat swab^SCT)
bronchoalveolar lavage (258607008^Bronchoalveolar lavage fluid sample^SCT)","SARS-CoV-2 RNA detected (260373001^Detected^SCT)
SARS-CoV-2 RNA not detected (260415000^Not detected^SCT)
Invalid result  (455371000124106^Invalid result^SCT or 125154007^Specimen unsatisfactory for evaluation^SCT)",94533-7,SARS coronavirus 2 N gene [Presence] in Respiratory specimen by NAA with probe detection,,,,,,SARS coronavirus 2 N gene,PrThr,Pt,Respiratory,Ord,Probe.amp.tar,20200428
SD Biosensor Inc.,STANDARD M nCoV Real-Time Detection Kit*,SARS-CoV-2 Result Interpretation,"anterior nasal swabs (697989009^Anterior nares swab^SCT)
mid-turbinate nasal swabs(871810001^Mid-turbinate nasal swab^SCT)
nasopharyngeal swabs (258500001^Nasopharyngeal swab^SCT)
oropharyngeal swabs (258529004^Throat swab^SCT)
sputum (119334006^Sputum specimen^SCT)","POSITIVE (260373001^Detected^SCT)
PRESUMPTIVE POSITIVE (720735008^Presumptive positive^SCT)
NEGATIVE (260415000^Not detected^SCT)
INVALID (455371000124106^Invalid result^SCT or 125154007^Specimen unsatisfactory for evaluation^SCT)",94500-6,SARS coronavirus 2 RNA [Presence] in Respiratory specimen by NAA with probe detection,,,,,,SARS coronavirus 2 RNA,PrThr,Pt,Respiratory,Ord,Probe.amp.tar,20200512
SEASUN Biomaterials,U-TOP COVID-19 Detection Kit*,SARS-CoV-2 Result Interpretation,"anterior nasal swabs (697989009^Anterior nares swab^SCT)
mid-turbinate nasal swabs(871810001^Mid-turbinate nasal swab^SCT)
nasopharyngeal swabs (258500001^Nasopharyngeal swab^SCT)
oropharyngeal swabs (258529004^Throat swab^SCT)
sputum (119334006^Sputum specimen^SCT)
nasopharyngeal wash (258467004^Nasopharyngeal washings^SCT)
nasopharyngeal aspirate (258411007^Nasopharyngeal aspirate^SCT)
nasal aspirate (429931000124105^Nasal aspirate specimen^SCT)","Positive (260373001^Detected^SCT)
Negative (260415000^Not detected^SCT)
Invalid (455371000124106^Invalid result^SCT or 125154007^Specimen unsatisfactory for evaluation^SCT)",94500-6,SARS coronavirus 2 RNA [Presence] in Respiratory specimen by NAA with probe detection,,,,,,SARS coronavirus 2 RNA,PrThr,Pt,Respiratory,Ord,Probe.amp.tar,20200512
SEASUN Biomaterials,AQ-TOP COVID-19 Rapid Detection Kit*,SARS-CoV-2,"Nasal swab (445297001^Swab of internal nose^SCT)
Mid-turbinate nasal swabs(871810001^Mid-turbinate nasal swab^SCT)
nasopharyngeal swab (258500001^Nasopharyngeal swab^SCT)
oropharyngeal swabs (258529004^Throat swab^SCT)
nasopharyngeal wash (258467004^Nasopharyngeal washings^SCT)
nasopharyngeal aspirate (258411007^Nasopharyngeal aspirate^SCT)
nasal aspirate (429931000124105^Nasal aspirate specimen^SCT)
BAL (258607008^Bronchoalveolar lavage fluid sample^SCT)
sputum (119334006^Sputum specimen^SCT)","Positive  (260373001^Detected^SCT)
Negative (260415000^Not detected^SCT)
Invalid (455371000124106^Invalid result^SCT)",94559-2,SARS coronavirus 2 ORF1ab region [Presence] in Respiratory specimen by NAA with probe detection,,,,,,SARS coronavirus 2 ORF1ab region,PrThr,Pt,Respiratory,Ord,Probe.amp.tar,20200526
Seegene Inc.,Allplex 2019-nCoV Assay*,SARS-CoV-2 Result Interpretation,"anterior nasal swabs (697989009^Anterior nares swab^SCT)
mid-turbinate nasal swabs(871810001^Mid-turbinate nasal swab^SCT)
nasopharyngeal swabs (258500001^Nasopharyngeal swab^SCT)
oropharyngeal swabs (258529004^Throat swab^SCT)
combo swab: 433801000124107^Nasopharyngeal and oropharyngeal swab^SCT?
sputum (119334006^Sputum specimen^SCT)","POSITIVE (260373001^Detected^SCT)
PRESUMPTIVE POSITIVE (720735008^Presumptive positive^SCT)
NEGATIVE (260415000^Not detected^SCT)
INVALID (455371000124106^Invalid result^SCT or 125154007^Specimen unsatisfactory for evaluation^SCT)",94500-6,SARS coronavirus 2 RNA [Presence] in Respiratory specimen by NAA with probe detection,,,,,,SARS coronavirus 2 RNA,PrThr,Pt,Respiratory,Ord,Probe.amp.tar,20200512
"Sherlock BioSciences, Inc.",Sherlock CRISPR SARS-CoV-2 Kit*,SARS-CoV-2 Result Interpretation,"nasal swab (445297001^Swab of internal nose^SCT)
nasopharyngeal (NP) swabs (258500001^Nasopharyngeal swab^SCT) 
oropharyngeal (OP) swabs (258529004^Throat swab^SCT)
nasopharyngeal wash (258467004^Nasopharyngeal washings^SCT)
nasopharyngeal aspirate (258411007^Nasopharyngeal aspirate^SCT)
nasal aspirate (429931000124105^Nasal aspirate specimen^SCT)
bronchoalveolar lavage(258607008^Bronchoalveolar lavage fluid sample^SCT)","Positive (260373001^Detected^SCT)
Negative (260415000^Not detected^SCT)
Invalid Result (455371000124106^Invalid result^SCT or 125154007^Specimen unsatisfactory for evaluation^SCT)",94500-6,SARS coronavirus 2 RNA [Presence] in Respiratory specimen by NAA with probe detection,,,,,,SARS coronavirus 2 RNA,PrThr,Pt,Respiratory,Ord,Probe.amp.tar,20200519
Siemens Healthcare Diagnostics,ADVIA Centaur SARS-CoV-2 Total (COV2T)*,SARS-CoV-2 total antibody,"Serum (119364003^Serum specimen^SCT)
Plasma (119361006^Plasma specimen^SCT)","Specimen is non-reactive for anti‑SARS-CoV-2 (260385009^Negative^SCT)
Specimen is reactive for anti‑SARS-CoV-2 (10828004^Positive^SCT)",94762-2,SARS coronavirus 2 Ab [Presence] in Serum or Plasma by Immunoassay,,,,,,SARS coronavirus 2 Ab,PrThr,Pt,Ser/Plas,Ord,IA,20200602
Siemens Healthcare Diagnostics,Atellica IM SARS-CoV-2 Total (COV2T)*,SARS-CoV-2 total antibody,"Serum (119364003^Serum specimen^SCT)
Plasma (119361006^Plasma specimen^SCT)","Specimen is non-reactive for anti‑SARS-CoV-2 (260385009^Negative^SCT)
Specimen is reactive for anti‑SARS-CoV-2 (10828004^Positive^SCT)",94762-2,SARS coronavirus 2 Ab [Presence] in Serum or Plasma by Immunoassay,,,,,,SARS coronavirus 2 Ab,PrThr,Pt,Ser/Plas,Ord,IA,20200602
SolGent,DiaPlexQ Novel Coronavirus (2019-nCoV) Detection  Kit*,SARS-CoV-2 RNA,"Nasal swab (445297001^Swab of internal nose^SCT)
Mid-turbinate nasal swabs(871810001^Mid-turbinate nasal swab^SCT)
nasopharyngeal swab (258500001^Nasopharyngeal swab^SCT)
oropharyngeal swabs (258529004^Throat swab^SCT)
nasopharyngeal wash (258467004^Nasopharyngeal washings^SCT)
nasopharyngeal aspirate (258411007^Nasopharyngeal aspirate^SCT)
nasal aspirate (429931000124105^Nasal aspirate specimen^SCT)
BAL (258607008^Bronchoalveolar lavage fluid sample^SCT)
sputum (119334006^Sputum specimen^SCT)","Positive  (260373001^Detected^SCT)
Negative (260415000^Not detected^SCT)
Inconclusive (419984006^Inconclusive^SCT)
Invalid (455371000124106^Invalid result^SCT)",94500-6,SARS coronavirus 2 RNA [Presence] in Respiratory specimen by NAA with probe detection,,,,,,SARS coronavirus 2 RNA,PrThr,Pt,Respiratory,Ord,Probe.amp.tar,20200526
Specialty Diagnostic (SDI) Laboratories,LDT: SDI SARS-CoV-2 Assay*,,"nasopharyngeal swab (258500001^Nasopharyngeal swab^SCT)
oropharyngeal swab (258529004^Throat swab^SCT)


","Positive  2019-NCoV  (260373001^Detected^SCT)
Negative (260415000^Not detected^SCT)
Invalid (455371000124106^Invalid result^SCT or 125154007^Specimen unsatisfactory for evaluation^SCT)",94559-2,SARS coronavirus 2 ORF1ab region [Presence] in Respiratory specimen by NAA with probe detection,,,,,,SARS coronavirus 2 ORF1ab region,PrThr,Pt,Respiratory,Ord,Probe.amp.tar,20200519
Thermo Fisher,TaqPath™ COVID-19 Combo Kit*,SARS-CoV-2 Result Interpretation,"Upper and lower respiratory specimens (such as
nasopharyngeal swab (258500001^Nasopharyngeal swab^SCT)
or
oropharyngeal swabs (258529004^Throat swab^SCT)
sputum (119334006^Sputum specimen^SCT),
lower respiratory tract aspirates (309171007^Lower respiratory fluid sample^SCT)
bronchoalveolar lavage (258607008^Bronchoalveolar lavage fluid sample^SCT)
nasopharyngeal wash (258467004^Nasopharyngeal washings^SCT)
nasopharyngeal aspirate (258411007^Nasopharyngeal aspirate^SCT)
nasal aspirate (429931000124105^Nasal aspirate specimen^SCT)","
Positive SARS-COV-2 (260373001^Detected^SCT)
SARS-CoV-2 Not Detected (260415000^Not detected^SCT)
SARS-CoV-2 Inconclusive (419984006^Inconclusive^SCT)
Invalid (455371000124106^Invalid result^SCT or 125154007^Specimen unsatisfactory for evaluation^SCT)",94500-6,SARS coronavirus 2 RNA [Presence] in Respiratory specimen by NAA with probe detection,,,,,,SARS coronavirus 2 RNA,PrThr,Pt,Respiratory,Ord,Probe.amp.tar,20200428
Trax Management Services Inc.,PhoenixDx 2019-CoV*,SARS-CoV-2 Result Interpretation,"Nasal swab (445297001^Swab of internal nose^SCT)
nasopharyngeal/oropharyngeal swab:
nasopharyngeal swab (258500001^Nasopharyngeal swab^SCT)
oropharyngeal swab (258529004^Throat swab^SCT), or do they mean the combo swab: 433801000124107^Nasopharyngeal and oropharyngeal swab^SCT?
bronchoalveolar lavage(258607008^Bronchoalveolar lavage fluid sample^SCT)","POSITIVE (260373001^Detected^SCT)
PRESUMPTIVE POSITIVE (720735008^Presumptive positive^SCT)
NEGATIVE (260415000^Not detected^SCT)
INVALID (455371000124106^Invalid result^SCT or 125154007^Specimen unsatisfactory for evaluation^SCT)",94500-6,SARS coronavirus 2 RNA [Presence] in Respiratory specimen by NAA with probe detection,,,,,,SARS coronavirus 2 RNA,PrThr,Pt,Respiratory,Ord,Probe.amp.tar,20200512
Ultimate Dx Laboratory,LDT: UDX SARS-CoV-2 Molecular Assay*,,"Upper respiratory specimens, such as:
nasal swabs (445297001^Swab of internal nose^SCT)
nasopharyngeal swab (258500001^Nasopharyngeal swab^SCT)
oropharyngeal swab (258529004^Throat swab^SCT)","Positive for SARSCoV-2 RNA (260373001^Detected^SCT)
Negative for SARSCoV-2 RNA (260415000^Not detected^SCT)
Invalid - repeat test (455371000124106^Invalid result^SCT)",94559-2,SARS coronavirus 2 ORF1ab region [Presence] in Respiratory specimen by NAA with probe detection,,,,,,SARS coronavirus 2 ORF1ab region,PrThr,Pt,Respiratory,Ord,Probe.amp.tar,20200512
Viracor Eurofins Clinical Diagnostics,LDT: Viracor SARS-CoV-2 assay*,,"nasopharyngeal swabs (258500001^Nasopharyngeal swab^SCT)
nasal swabs (445297001^Swab of internal nose^SCT)
oropharyngeal swabs (258529004^Throat swab^SCT)
BAL (258607008^Bronchoalveolar lavage fluid sample^SCT)
nasal wash/aspirate (429931000124105^Nasal aspirate specimen^SCT)
nasopharyngeal wash/aspirates (258467004^Nasopharyngeal washings^SCT) or (258411007^Nasopharyngeal aspirate^SCT)
","SARS-CoV-2 Detected (260373001^Detected^SCT)
SARS-CoV-2 Not detected (260415000^Not detected^SCT)",94533-7,SARS coronavirus 2 N gene [Presence] in Respiratory specimen by NAA with probe detection,,,,,,SARS coronavirus 2 N gene,PrThr,Pt,Respiratory,Ord,Probe.amp.tar,20200519
"Yale New Haven Hospital, Clinical Virology Laboratory",LDT: SARS-CoV-2 PCR test*,,"nasopharyngeal swabs (258500001^Nasopharyngeal swab^SCT)
nasal swabs (445297001^Swab of internal nose^SCT)
mid-turbinate nasal swab (871810001^Mid-turbinate nasal swab^SCT)
BAL (258607008^Bronchoalveolar lavage fluid sample^SCT)
oropharyngeal swabs (258529004^Throat swab^SCT)
sputum  (119334006^Sputum specimen^SCT)

","Positive  2019-NCoV  (260373001^Detected^SCT)
Not detected (260415000^Not detected^SCT)
Inconclusive (419984006^Inconclusive^SCT)
Invalid (455371000124106^Invalid result^SCT or 125154007^Specimen unsatisfactory for evaluation^SCT)",94533-7,SARS coronavirus 2 N gene [Presence] in Respiratory specimen by NAA with probe detection,,,,,,SARS coronavirus 2 N gene,PrThr,Pt,Respiratory,Ord,Probe.amp.tar,20200519
Zymo Research Corporation,Quick SARS-CoV-2rRT-PCR Kit*,SARS-CoV-2 Result Interpretation,"upper and lower respiratory specimens:
anterior nasal swabs (697989009^Anterior nares swab^SCT)
mid-turbinate nasal swabs(871810001^Mid-turbinate nasal swab^SCT)
nasopharyngeal swabs (258500001^Nasopharyngeal swab^SCT)
oropharyngeal swabs (258529004^Throat swab^SCT)
sputum (119334006^Sputum specimen^SCT)
lower respiratory tract aspirates (309171007^Lower respiratory fluid sample^SCT)
bronchoalveolar lavage(258607008^Bronchoalveolar lavage fluid sample^SCT)
nasopharyngeal wash (258467004^Nasopharyngeal washings^SCT)
nasopharyngeal aspirate (258411007^Nasopharyngeal aspirate^SCT)
nasal aspirate (429931000124105^Nasal aspirate specimen^SCT)","Positive (260373001^Detected^SCT)
Negative (260415000^Not detected^SCT)
Invalid Result (455371000124106^Invalid result^SCT or 125154007^Specimen unsatisfactory for evaluation^SCT)",94533-7,SARS coronavirus 2 N gene [Presence] in Respiratory specimen by NAA with probe detection,,"Use this order code (OBR-4) resulted test (OBX-3) combination when reporting targets or targets and conclusions.
Targeting regions of the ORF1 ab and N genes (Ct cut-off is <= 38)
APHL Comment:
In Specimen column: Added codes as recommended for reporting in V2.5.1 for PHLIP to the CDC to the vendor specimen description in SPM-4.
In result column: Added the codes as recommended for reporting via PHLIP to CDC to the vendor result descriptions in OBX-5.
",,,,SARS coronavirus 2 N gene,PrThr,Pt,Respiratory,Ord,Probe.amp.tar,20200519
,,,,,,,,,,,,,,,,,,
Abbott,Alinity i ,SARS-CoV-2 IgG,,,94563-4,,,,,,,,,,,,,
Abbott,Alinity m,SARS-CoV-2,,,94500-6,,,,,,,,,,,,,
Abbott,ARCHITECT,SARS-CoV-2 IgG,,,94563-4,,,,,,,,,,,,,
Abbott,ID NOW COVID-19,RdRp gene,,,94534-5,,,,,,,,,,,,,
Abbott,RealTime,SARS-CoV-2,,,94500-6,,,,,,,,,,,,,
BioFire,COVID-19 Test,overall,,,94565-9,,,,,,,,,,,,,
bioMerieux,ARGENE SARS-COV-2 R-GENE,PCR1,,,94531-1,,,,,,,,,,,,,
bioMerieux,ARGENE SARS-COV-2 R-GENE,N gene,,,94533-7,,,,,,,,,,,,,
bioMerieux,ARGENE SARS-COV-2 R-GENE,RdRp gene,,,94534-5,,,,,,,,,,,,,
bioMerieux,ARGENE SARS-COV-2 R-GENE,overall,,,94500-6,,,,,,,,,,,,,
bioMerieux,ARGENE SARS-COV-2 R-GENE,PCR2,,,94502-2,,,,,,,,,,,,,
bioMerieux,ARGENE SARS-COV-2 R-GENE,SARS-related CoV,,,94502-2,,,,,,,,,,,,,
bioMerieux,VIDAS,SARS-COV-2 IgG,,,94563-4,,,,,,,,,,,,,
bioMerieux,VIDAS,SARS-COV-2 IgM,,,94564-2,,,,,,,,,,,,,
Bio-Rad Laboratories Platelia,Platelia SARS-CoV-2 Total Antibody,"SARS-CoV-2 Total Ab (IgA, IgM, IgG)",,,94762-2,,,,,,,,,,,,,
Cepheid,Xpert Xpress,SARS-CoV-2,,,94500-6,,,,,,,,,,,,,
DiaSorin,LIAISON ,SARS-CoV-2 S1/S2 IgG,,,94563-4,,,,,,,,,,,,,
DiaSorin,Molecular Simplexa,COVID-19 Direct,,,94500-6,,,,,,,,,,,,,
GenMark,Dx ePlex SARS-CoV-2 Test,N gene,,,94760-6,,,,,,,,,,,,,
Hologic,Panther Fusion,SARS-CoV-2 ORF1ab region,,,94559-2,,,,,,,,,,,,,
Luminex,ARIES,SARS-CoV-2,,,94759-8,,,,,,,,,,,,,
Luminex,NxTAG CoV,SARS-CoV-2 overall,,,94759-8,,,,,,,,,,,,,
Quidel,Lyra SARS-CoV-2,ORF1ab region,,,94559-2,,,,,,,,,,,,,
Quidel,Sofia 2 SARS Antigen FIA,SARS-CoV+SARS-CoV-2 Ag,,,95209-3 ,,,,,,,,,,,,,
Roche,cobas SARS-CoV-2,overall,,,94500-6,,,,,,,,,,,,,
Roche,Elecsys Anti-SARS-CoV-2,Ab,,,94762-2,,,,,,,,,,,,,
Thermo,Fisher Scientific TaqPath COVID-19 Combo Kit,overall,,,94500-6 ,,,,,,,,,,,,,
